[2025-09-02 13:22:40,586] INFO [ControllerEventThread controllerId=0] Starting (kafka.controller.ControllerEventManager$ControllerEventThread)
[2025-09-02 13:22:40,617] INFO [Controller id=0] 0 successfully elected as the controller. Epoch incremented to 1 and epoch zk version is now 1 (kafka.controller.KafkaController)
[2025-09-02 13:22:40,623] INFO [Controller id=0] Creating FeatureZNode at path: /feature with contents: FeatureZNode(2,Enabled,Map()) (kafka.controller.KafkaController)
[2025-09-02 13:22:40,654] INFO [Controller id=0] Registering handlers (kafka.controller.KafkaController)
[2025-09-02 13:22:40,661] INFO [Controller id=0] Deleting log dir event notifications (kafka.controller.KafkaController)
[2025-09-02 13:22:40,668] INFO [Controller id=0] Deleting isr change notifications (kafka.controller.KafkaController)
[2025-09-02 13:22:40,673] INFO [Controller id=0] Initializing controller context (kafka.controller.KafkaController)
[2025-09-02 13:22:40,691] INFO [Controller id=0] Initialized broker epochs cache: Map(0 -> 25) (kafka.controller.KafkaController)
[2025-09-02 13:22:40,702] DEBUG [Controller id=0] Register BrokerModifications handler for Set(0) (kafka.controller.KafkaController)
[2025-09-02 13:22:40,712] DEBUG [Channel manager on controller 0]: Controller 0 trying to connect to broker 0 (kafka.controller.ControllerChannelManager)
[2025-09-02 13:22:40,739] INFO [RequestSendThread controllerId=0] Starting (kafka.controller.RequestSendThread)
[2025-09-02 13:22:40,739] INFO [Controller id=0] Currently active brokers in the cluster: Set(0) (kafka.controller.KafkaController)
[2025-09-02 13:22:40,740] INFO [Controller id=0] Currently shutting brokers in the cluster: Set() (kafka.controller.KafkaController)
[2025-09-02 13:22:40,740] INFO [Controller id=0] Current list of topics in the cluster: Set() (kafka.controller.KafkaController)
[2025-09-02 13:22:40,740] INFO [Controller id=0] Fetching topic deletions in progress (kafka.controller.KafkaController)
[2025-09-02 13:22:40,743] INFO [Controller id=0] List of topics to be deleted:  (kafka.controller.KafkaController)
[2025-09-02 13:22:40,744] INFO [Controller id=0] List of topics ineligible for deletion:  (kafka.controller.KafkaController)
[2025-09-02 13:22:40,744] INFO [Controller id=0] Initializing topic deletion manager (kafka.controller.KafkaController)
[2025-09-02 13:22:40,745] INFO [Topic Deletion Manager 0] Initializing manager with initial deletions: Set(), initial ineligible deletions: Set() (kafka.controller.TopicDeletionManager)
[2025-09-02 13:22:40,746] INFO [Controller id=0] Sending update metadata request (kafka.controller.KafkaController)
[2025-09-02 13:22:40,760] INFO [ReplicaStateMachine controllerId=0] Initializing replica state (kafka.controller.ZkReplicaStateMachine)
[2025-09-02 13:22:40,760] INFO [ReplicaStateMachine controllerId=0] Triggering online replica state changes (kafka.controller.ZkReplicaStateMachine)
[2025-09-02 13:22:40,764] INFO [ReplicaStateMachine controllerId=0] Triggering offline replica state changes (kafka.controller.ZkReplicaStateMachine)
[2025-09-02 13:22:40,765] DEBUG [ReplicaStateMachine controllerId=0] Started replica state machine with initial state -> Map() (kafka.controller.ZkReplicaStateMachine)
[2025-09-02 13:22:40,765] INFO [PartitionStateMachine controllerId=0] Initializing partition state (kafka.controller.ZkPartitionStateMachine)
[2025-09-02 13:22:40,766] INFO [PartitionStateMachine controllerId=0] Triggering online partition state changes (kafka.controller.ZkPartitionStateMachine)
[2025-09-02 13:22:40,770] DEBUG [PartitionStateMachine controllerId=0] Started partition state machine with initial state -> Map() (kafka.controller.ZkPartitionStateMachine)
[2025-09-02 13:22:40,771] INFO [Controller id=0] Ready to serve as the new controller with epoch 1 (kafka.controller.KafkaController)
[2025-09-02 13:22:40,783] INFO [Controller id=0] Partitions undergoing preferred replica election:  (kafka.controller.KafkaController)
[2025-09-02 13:22:40,784] INFO [Controller id=0] Partitions that completed preferred replica election:  (kafka.controller.KafkaController)
[2025-09-02 13:22:40,785] INFO [Controller id=0] Skipping preferred replica election for partitions due to topic deletion:  (kafka.controller.KafkaController)
[2025-09-02 13:22:40,786] INFO [Controller id=0] Resuming preferred replica election for partitions:  (kafka.controller.KafkaController)
[2025-09-02 13:22:40,787] INFO [Controller id=0] Starting replica leader election (PREFERRED) for partitions  triggered by ZkTriggered (kafka.controller.KafkaController)
[2025-09-02 13:22:40,797] WARN [RequestSendThread controllerId=0] Controller 0's connection to broker localhost:9092 (id: 0 rack: null) was unsuccessful (kafka.controller.RequestSendThread)
java.io.IOException: Connection to localhost:9092 (id: 0 rack: null) failed.
	at org.apache.kafka.clients.NetworkClientUtils.awaitReady(NetworkClientUtils.java:71)
	at kafka.controller.RequestSendThread.brokerReady(ControllerChannelManager.scala:299)
	at kafka.controller.RequestSendThread.doWork(ControllerChannelManager.scala:252)
	at org.apache.kafka.server.util.ShutdownableThread.run(ShutdownableThread.java:136)
[2025-09-02 13:22:40,808] INFO [Controller id=0] Starting the controller scheduler (kafka.controller.KafkaController)
[2025-09-02 13:22:40,913] WARN [RequestSendThread controllerId=0] Controller 0's connection to broker localhost:9092 (id: 0 rack: null) was unsuccessful (kafka.controller.RequestSendThread)
java.io.IOException: Connection to localhost:9092 (id: 0 rack: null) failed.
	at org.apache.kafka.clients.NetworkClientUtils.awaitReady(NetworkClientUtils.java:71)
	at kafka.controller.RequestSendThread.brokerReady(ControllerChannelManager.scala:299)
	at kafka.controller.RequestSendThread.doWork(ControllerChannelManager.scala:252)
	at org.apache.kafka.server.util.ShutdownableThread.run(ShutdownableThread.java:136)
[2025-09-02 13:22:41,448] WARN [RequestSendThread controllerId=0] Controller 0's connection to broker localhost:9092 (id: 0 rack: null) was unsuccessful (kafka.controller.RequestSendThread)
org.apache.kafka.common.errors.SaslAuthenticationException: Authentication failed during authentication due to invalid credentials with SASL mechanism SCRAM-SHA-512
[2025-09-02 13:22:41,885] WARN [RequestSendThread controllerId=0] Controller 0's connection to broker localhost:9092 (id: 0 rack: null) was unsuccessful (kafka.controller.RequestSendThread)
org.apache.kafka.common.errors.SaslAuthenticationException: Authentication failed during authentication due to invalid credentials with SASL mechanism SCRAM-SHA-512
[2025-09-02 13:22:42,329] WARN [RequestSendThread controllerId=0] Controller 0's connection to broker localhost:9092 (id: 0 rack: null) was unsuccessful (kafka.controller.RequestSendThread)
org.apache.kafka.common.errors.SaslAuthenticationException: Authentication failed during authentication due to invalid credentials with SASL mechanism SCRAM-SHA-512
[2025-09-02 13:22:42,772] WARN [RequestSendThread controllerId=0] Controller 0's connection to broker localhost:9092 (id: 0 rack: null) was unsuccessful (kafka.controller.RequestSendThread)
org.apache.kafka.common.errors.SaslAuthenticationException: Authentication failed during authentication due to invalid credentials with SASL mechanism SCRAM-SHA-512
[2025-09-02 13:22:43,206] WARN [RequestSendThread controllerId=0] Controller 0's connection to broker localhost:9092 (id: 0 rack: null) was unsuccessful (kafka.controller.RequestSendThread)
org.apache.kafka.common.errors.SaslAuthenticationException: Authentication failed during authentication due to invalid credentials with SASL mechanism SCRAM-SHA-512
[2025-09-02 13:22:43,646] WARN [RequestSendThread controllerId=0] Controller 0's connection to broker localhost:9092 (id: 0 rack: null) was unsuccessful (kafka.controller.RequestSendThread)
org.apache.kafka.common.errors.SaslAuthenticationException: Authentication failed during authentication due to invalid credentials with SASL mechanism SCRAM-SHA-512
[2025-09-02 13:22:44,084] WARN [RequestSendThread controllerId=0] Controller 0's connection to broker localhost:9092 (id: 0 rack: null) was unsuccessful (kafka.controller.RequestSendThread)
org.apache.kafka.common.errors.SaslAuthenticationException: Authentication failed during authentication due to invalid credentials with SASL mechanism SCRAM-SHA-512
[2025-09-02 13:22:44,504] WARN [RequestSendThread controllerId=0] Controller 0's connection to broker localhost:9092 (id: 0 rack: null) was unsuccessful (kafka.controller.RequestSendThread)
org.apache.kafka.common.errors.SaslAuthenticationException: Authentication failed during authentication due to invalid credentials with SASL mechanism SCRAM-SHA-512
[2025-09-02 13:22:44,925] WARN [RequestSendThread controllerId=0] Controller 0's connection to broker localhost:9092 (id: 0 rack: null) was unsuccessful (kafka.controller.RequestSendThread)
org.apache.kafka.common.errors.SaslAuthenticationException: Authentication failed during authentication due to invalid credentials with SASL mechanism SCRAM-SHA-512
[2025-09-02 13:22:45,350] WARN [RequestSendThread controllerId=0] Controller 0's connection to broker localhost:9092 (id: 0 rack: null) was unsuccessful (kafka.controller.RequestSendThread)
org.apache.kafka.common.errors.SaslAuthenticationException: Authentication failed during authentication due to invalid credentials with SASL mechanism SCRAM-SHA-512
[2025-09-02 13:22:45,777] WARN [RequestSendThread controllerId=0] Controller 0's connection to broker localhost:9092 (id: 0 rack: null) was unsuccessful (kafka.controller.RequestSendThread)
org.apache.kafka.common.errors.SaslAuthenticationException: Authentication failed during authentication due to invalid credentials with SASL mechanism SCRAM-SHA-512
[2025-09-02 13:22:45,821] INFO [Controller id=0] Processing automatic preferred replica leader election (kafka.controller.KafkaController)
[2025-09-02 13:22:45,822] TRACE [Controller id=0] Checking need to trigger auto leader balancing (kafka.controller.KafkaController)
[2025-09-02 13:22:46,200] WARN [RequestSendThread controllerId=0] Controller 0's connection to broker localhost:9092 (id: 0 rack: null) was unsuccessful (kafka.controller.RequestSendThread)
org.apache.kafka.common.errors.SaslAuthenticationException: Authentication failed during authentication due to invalid credentials with SASL mechanism SCRAM-SHA-512
[2025-09-02 13:22:46,624] WARN [RequestSendThread controllerId=0] Controller 0's connection to broker localhost:9092 (id: 0 rack: null) was unsuccessful (kafka.controller.RequestSendThread)
org.apache.kafka.common.errors.SaslAuthenticationException: Authentication failed during authentication due to invalid credentials with SASL mechanism SCRAM-SHA-512
[2025-09-02 13:22:47,061] WARN [RequestSendThread controllerId=0] Controller 0's connection to broker localhost:9092 (id: 0 rack: null) was unsuccessful (kafka.controller.RequestSendThread)
org.apache.kafka.common.errors.SaslAuthenticationException: Authentication failed during authentication due to invalid credentials with SASL mechanism SCRAM-SHA-512
[2025-09-02 13:22:47,484] WARN [RequestSendThread controllerId=0] Controller 0's connection to broker localhost:9092 (id: 0 rack: null) was unsuccessful (kafka.controller.RequestSendThread)
org.apache.kafka.common.errors.SaslAuthenticationException: Authentication failed during authentication due to invalid credentials with SASL mechanism SCRAM-SHA-512
[2025-09-02 13:22:47,924] WARN [RequestSendThread controllerId=0] Controller 0's connection to broker localhost:9092 (id: 0 rack: null) was unsuccessful (kafka.controller.RequestSendThread)
org.apache.kafka.common.errors.SaslAuthenticationException: Authentication failed during authentication due to invalid credentials with SASL mechanism SCRAM-SHA-512
[2025-09-02 13:22:48,356] WARN [RequestSendThread controllerId=0] Controller 0's connection to broker localhost:9092 (id: 0 rack: null) was unsuccessful (kafka.controller.RequestSendThread)
org.apache.kafka.common.errors.SaslAuthenticationException: Authentication failed during authentication due to invalid credentials with SASL mechanism SCRAM-SHA-512
[2025-09-02 13:22:48,779] WARN [RequestSendThread controllerId=0] Controller 0's connection to broker localhost:9092 (id: 0 rack: null) was unsuccessful (kafka.controller.RequestSendThread)
org.apache.kafka.common.errors.SaslAuthenticationException: Authentication failed during authentication due to invalid credentials with SASL mechanism SCRAM-SHA-512
[2025-09-02 13:22:49,208] WARN [RequestSendThread controllerId=0] Controller 0's connection to broker localhost:9092 (id: 0 rack: null) was unsuccessful (kafka.controller.RequestSendThread)
org.apache.kafka.common.errors.SaslAuthenticationException: Authentication failed during authentication due to invalid credentials with SASL mechanism SCRAM-SHA-512
[2025-09-02 13:22:49,644] WARN [RequestSendThread controllerId=0] Controller 0's connection to broker localhost:9092 (id: 0 rack: null) was unsuccessful (kafka.controller.RequestSendThread)
org.apache.kafka.common.errors.SaslAuthenticationException: Authentication failed during authentication due to invalid credentials with SASL mechanism SCRAM-SHA-512
[2025-09-02 13:22:50,070] WARN [RequestSendThread controllerId=0] Controller 0's connection to broker localhost:9092 (id: 0 rack: null) was unsuccessful (kafka.controller.RequestSendThread)
org.apache.kafka.common.errors.SaslAuthenticationException: Authentication failed during authentication due to invalid credentials with SASL mechanism SCRAM-SHA-512
[2025-09-02 13:22:50,499] WARN [RequestSendThread controllerId=0] Controller 0's connection to broker localhost:9092 (id: 0 rack: null) was unsuccessful (kafka.controller.RequestSendThread)
org.apache.kafka.common.errors.SaslAuthenticationException: Authentication failed during authentication due to invalid credentials with SASL mechanism SCRAM-SHA-512
[2025-09-02 13:22:50,922] WARN [RequestSendThread controllerId=0] Controller 0's connection to broker localhost:9092 (id: 0 rack: null) was unsuccessful (kafka.controller.RequestSendThread)
org.apache.kafka.common.errors.SaslAuthenticationException: Authentication failed during authentication due to invalid credentials with SASL mechanism SCRAM-SHA-512
[2025-09-02 13:22:51,346] WARN [RequestSendThread controllerId=0] Controller 0's connection to broker localhost:9092 (id: 0 rack: null) was unsuccessful (kafka.controller.RequestSendThread)
org.apache.kafka.common.errors.SaslAuthenticationException: Authentication failed during authentication due to invalid credentials with SASL mechanism SCRAM-SHA-512
[2025-09-02 13:22:51,771] WARN [RequestSendThread controllerId=0] Controller 0's connection to broker localhost:9092 (id: 0 rack: null) was unsuccessful (kafka.controller.RequestSendThread)
org.apache.kafka.common.errors.SaslAuthenticationException: Authentication failed during authentication due to invalid credentials with SASL mechanism SCRAM-SHA-512
[2025-09-02 13:22:52,191] WARN [RequestSendThread controllerId=0] Controller 0's connection to broker localhost:9092 (id: 0 rack: null) was unsuccessful (kafka.controller.RequestSendThread)
org.apache.kafka.common.errors.SaslAuthenticationException: Authentication failed during authentication due to invalid credentials with SASL mechanism SCRAM-SHA-512
[2025-09-02 13:22:52,624] WARN [RequestSendThread controllerId=0] Controller 0's connection to broker localhost:9092 (id: 0 rack: null) was unsuccessful (kafka.controller.RequestSendThread)
org.apache.kafka.common.errors.SaslAuthenticationException: Authentication failed during authentication due to invalid credentials with SASL mechanism SCRAM-SHA-512
[2025-09-02 13:22:53,052] WARN [RequestSendThread controllerId=0] Controller 0's connection to broker localhost:9092 (id: 0 rack: null) was unsuccessful (kafka.controller.RequestSendThread)
org.apache.kafka.common.errors.SaslAuthenticationException: Authentication failed during authentication due to invalid credentials with SASL mechanism SCRAM-SHA-512
[2025-09-02 13:22:53,471] WARN [RequestSendThread controllerId=0] Controller 0's connection to broker localhost:9092 (id: 0 rack: null) was unsuccessful (kafka.controller.RequestSendThread)
org.apache.kafka.common.errors.SaslAuthenticationException: Authentication failed during authentication due to invalid credentials with SASL mechanism SCRAM-SHA-512
[2025-09-02 13:22:53,884] WARN [RequestSendThread controllerId=0] Controller 0's connection to broker localhost:9092 (id: 0 rack: null) was unsuccessful (kafka.controller.RequestSendThread)
org.apache.kafka.common.errors.SaslAuthenticationException: Authentication failed during authentication due to invalid credentials with SASL mechanism SCRAM-SHA-512
[2025-09-02 13:22:54,307] WARN [RequestSendThread controllerId=0] Controller 0's connection to broker localhost:9092 (id: 0 rack: null) was unsuccessful (kafka.controller.RequestSendThread)
org.apache.kafka.common.errors.SaslAuthenticationException: Authentication failed during authentication due to invalid credentials with SASL mechanism SCRAM-SHA-512
[2025-09-02 13:22:54,730] WARN [RequestSendThread controllerId=0] Controller 0's connection to broker localhost:9092 (id: 0 rack: null) was unsuccessful (kafka.controller.RequestSendThread)
org.apache.kafka.common.errors.SaslAuthenticationException: Authentication failed during authentication due to invalid credentials with SASL mechanism SCRAM-SHA-512
[2025-09-02 13:22:55,166] WARN [RequestSendThread controllerId=0] Controller 0's connection to broker localhost:9092 (id: 0 rack: null) was unsuccessful (kafka.controller.RequestSendThread)
org.apache.kafka.common.errors.SaslAuthenticationException: Authentication failed during authentication due to invalid credentials with SASL mechanism SCRAM-SHA-512
[2025-09-02 13:22:55,585] WARN [RequestSendThread controllerId=0] Controller 0's connection to broker localhost:9092 (id: 0 rack: null) was unsuccessful (kafka.controller.RequestSendThread)
org.apache.kafka.common.errors.SaslAuthenticationException: Authentication failed during authentication due to invalid credentials with SASL mechanism SCRAM-SHA-512
[2025-09-02 13:22:56,017] WARN [RequestSendThread controllerId=0] Controller 0's connection to broker localhost:9092 (id: 0 rack: null) was unsuccessful (kafka.controller.RequestSendThread)
org.apache.kafka.common.errors.SaslAuthenticationException: Authentication failed during authentication due to invalid credentials with SASL mechanism SCRAM-SHA-512
[2025-09-02 13:22:56,438] WARN [RequestSendThread controllerId=0] Controller 0's connection to broker localhost:9092 (id: 0 rack: null) was unsuccessful (kafka.controller.RequestSendThread)
org.apache.kafka.common.errors.SaslAuthenticationException: Authentication failed during authentication due to invalid credentials with SASL mechanism SCRAM-SHA-512
[2025-09-02 13:22:56,861] WARN [RequestSendThread controllerId=0] Controller 0's connection to broker localhost:9092 (id: 0 rack: null) was unsuccessful (kafka.controller.RequestSendThread)
org.apache.kafka.common.errors.SaslAuthenticationException: Authentication failed during authentication due to invalid credentials with SASL mechanism SCRAM-SHA-512
[2025-09-02 13:22:57,296] WARN [RequestSendThread controllerId=0] Controller 0's connection to broker localhost:9092 (id: 0 rack: null) was unsuccessful (kafka.controller.RequestSendThread)
org.apache.kafka.common.errors.SaslAuthenticationException: Authentication failed during authentication due to invalid credentials with SASL mechanism SCRAM-SHA-512
[2025-09-02 13:24:52,674] INFO [ControllerEventThread controllerId=0] Starting (kafka.controller.ControllerEventManager$ControllerEventThread)
[2025-09-02 13:24:52,699] INFO [Controller id=0] 0 successfully elected as the controller. Epoch incremented to 2 and epoch zk version is now 2 (kafka.controller.KafkaController)
[2025-09-02 13:24:52,702] INFO [Controller id=0] Registering handlers (kafka.controller.KafkaController)
[2025-09-02 13:24:52,709] INFO [Controller id=0] Deleting log dir event notifications (kafka.controller.KafkaController)
[2025-09-02 13:24:52,713] INFO [Controller id=0] Deleting isr change notifications (kafka.controller.KafkaController)
[2025-09-02 13:24:52,717] INFO [Controller id=0] Initializing controller context (kafka.controller.KafkaController)
[2025-09-02 13:24:52,735] INFO [Controller id=0] Initialized broker epochs cache: Map(0 -> 71) (kafka.controller.KafkaController)
[2025-09-02 13:24:52,747] DEBUG [Controller id=0] Register BrokerModifications handler for Set(0) (kafka.controller.KafkaController)
[2025-09-02 13:24:52,756] DEBUG [Channel manager on controller 0]: Controller 0 trying to connect to broker 0 (kafka.controller.ControllerChannelManager)
[2025-09-02 13:24:52,778] INFO [RequestSendThread controllerId=0] Starting (kafka.controller.RequestSendThread)
[2025-09-02 13:24:52,778] INFO [Controller id=0] Currently active brokers in the cluster: Set(0) (kafka.controller.KafkaController)
[2025-09-02 13:24:52,779] INFO [Controller id=0] Currently shutting brokers in the cluster: Set() (kafka.controller.KafkaController)
[2025-09-02 13:24:52,779] INFO [Controller id=0] Current list of topics in the cluster: Set() (kafka.controller.KafkaController)
[2025-09-02 13:24:52,779] INFO [Controller id=0] Fetching topic deletions in progress (kafka.controller.KafkaController)
[2025-09-02 13:24:52,782] INFO [Controller id=0] List of topics to be deleted:  (kafka.controller.KafkaController)
[2025-09-02 13:24:52,782] INFO [Controller id=0] List of topics ineligible for deletion:  (kafka.controller.KafkaController)
[2025-09-02 13:24:52,782] INFO [Controller id=0] Initializing topic deletion manager (kafka.controller.KafkaController)
[2025-09-02 13:24:52,783] INFO [Topic Deletion Manager 0] Initializing manager with initial deletions: Set(), initial ineligible deletions: Set() (kafka.controller.TopicDeletionManager)
[2025-09-02 13:24:52,783] INFO [Controller id=0] Sending update metadata request (kafka.controller.KafkaController)
[2025-09-02 13:24:52,798] INFO [ReplicaStateMachine controllerId=0] Initializing replica state (kafka.controller.ZkReplicaStateMachine)
[2025-09-02 13:24:52,798] INFO [ReplicaStateMachine controllerId=0] Triggering online replica state changes (kafka.controller.ZkReplicaStateMachine)
[2025-09-02 13:24:52,801] INFO [ReplicaStateMachine controllerId=0] Triggering offline replica state changes (kafka.controller.ZkReplicaStateMachine)
[2025-09-02 13:24:52,802] DEBUG [ReplicaStateMachine controllerId=0] Started replica state machine with initial state -> Map() (kafka.controller.ZkReplicaStateMachine)
[2025-09-02 13:24:52,802] INFO [PartitionStateMachine controllerId=0] Initializing partition state (kafka.controller.ZkPartitionStateMachine)
[2025-09-02 13:24:52,804] INFO [PartitionStateMachine controllerId=0] Triggering online partition state changes (kafka.controller.ZkPartitionStateMachine)
[2025-09-02 13:24:52,806] DEBUG [PartitionStateMachine controllerId=0] Started partition state machine with initial state -> Map() (kafka.controller.ZkPartitionStateMachine)
[2025-09-02 13:24:52,807] INFO [Controller id=0] Ready to serve as the new controller with epoch 2 (kafka.controller.KafkaController)
[2025-09-02 13:24:52,815] INFO [Controller id=0] Partitions undergoing preferred replica election:  (kafka.controller.KafkaController)
[2025-09-02 13:24:52,816] INFO [Controller id=0] Partitions that completed preferred replica election:  (kafka.controller.KafkaController)
[2025-09-02 13:24:52,817] INFO [Controller id=0] Skipping preferred replica election for partitions due to topic deletion:  (kafka.controller.KafkaController)
[2025-09-02 13:24:52,817] INFO [Controller id=0] Resuming preferred replica election for partitions:  (kafka.controller.KafkaController)
[2025-09-02 13:24:52,818] INFO [Controller id=0] Starting replica leader election (PREFERRED) for partitions  triggered by ZkTriggered (kafka.controller.KafkaController)
[2025-09-02 13:24:52,824] WARN [RequestSendThread controllerId=0] Controller 0's connection to broker localhost:9092 (id: 0 rack: null) was unsuccessful (kafka.controller.RequestSendThread)
java.io.IOException: Connection to localhost:9092 (id: 0 rack: null) failed.
	at org.apache.kafka.clients.NetworkClientUtils.awaitReady(NetworkClientUtils.java:71)
	at kafka.controller.RequestSendThread.brokerReady(ControllerChannelManager.scala:299)
	at kafka.controller.RequestSendThread.doWork(ControllerChannelManager.scala:252)
	at org.apache.kafka.server.util.ShutdownableThread.run(ShutdownableThread.java:136)
[2025-09-02 13:24:52,834] INFO [Controller id=0] Starting the controller scheduler (kafka.controller.KafkaController)
[2025-09-02 13:24:52,946] WARN [RequestSendThread controllerId=0] Controller 0's connection to broker localhost:9092 (id: 0 rack: null) was unsuccessful (kafka.controller.RequestSendThread)
java.io.IOException: Connection to localhost:9092 (id: 0 rack: null) failed.
	at org.apache.kafka.clients.NetworkClientUtils.awaitReady(NetworkClientUtils.java:71)
	at kafka.controller.RequestSendThread.brokerReady(ControllerChannelManager.scala:299)
	at kafka.controller.RequestSendThread.doWork(ControllerChannelManager.scala:252)
	at org.apache.kafka.server.util.ShutdownableThread.run(ShutdownableThread.java:136)
[2025-09-02 13:24:53,485] WARN [RequestSendThread controllerId=0] Controller 0's connection to broker localhost:9092 (id: 0 rack: null) was unsuccessful (kafka.controller.RequestSendThread)
org.apache.kafka.common.errors.SaslAuthenticationException: Authentication failed during authentication due to invalid credentials with SASL mechanism SCRAM-SHA-512
[2025-09-02 13:24:53,922] WARN [RequestSendThread controllerId=0] Controller 0's connection to broker localhost:9092 (id: 0 rack: null) was unsuccessful (kafka.controller.RequestSendThread)
org.apache.kafka.common.errors.SaslAuthenticationException: Authentication failed during authentication due to invalid credentials with SASL mechanism SCRAM-SHA-512
[2025-09-02 13:24:54,361] WARN [RequestSendThread controllerId=0] Controller 0's connection to broker localhost:9092 (id: 0 rack: null) was unsuccessful (kafka.controller.RequestSendThread)
org.apache.kafka.common.errors.SaslAuthenticationException: Authentication failed during authentication due to invalid credentials with SASL mechanism SCRAM-SHA-512
[2025-09-02 13:24:54,804] WARN [RequestSendThread controllerId=0] Controller 0's connection to broker localhost:9092 (id: 0 rack: null) was unsuccessful (kafka.controller.RequestSendThread)
org.apache.kafka.common.errors.SaslAuthenticationException: Authentication failed during authentication due to invalid credentials with SASL mechanism SCRAM-SHA-512
[2025-09-02 13:24:55,242] WARN [RequestSendThread controllerId=0] Controller 0's connection to broker localhost:9092 (id: 0 rack: null) was unsuccessful (kafka.controller.RequestSendThread)
org.apache.kafka.common.errors.SaslAuthenticationException: Authentication failed during authentication due to invalid credentials with SASL mechanism SCRAM-SHA-512
[2025-09-02 13:24:55,683] WARN [RequestSendThread controllerId=0] Controller 0's connection to broker localhost:9092 (id: 0 rack: null) was unsuccessful (kafka.controller.RequestSendThread)
org.apache.kafka.common.errors.SaslAuthenticationException: Authentication failed during authentication due to invalid credentials with SASL mechanism SCRAM-SHA-512
[2025-09-02 13:24:56,120] WARN [RequestSendThread controllerId=0] Controller 0's connection to broker localhost:9092 (id: 0 rack: null) was unsuccessful (kafka.controller.RequestSendThread)
org.apache.kafka.common.errors.SaslAuthenticationException: Authentication failed during authentication due to invalid credentials with SASL mechanism SCRAM-SHA-512
[2025-09-02 13:24:56,556] WARN [RequestSendThread controllerId=0] Controller 0's connection to broker localhost:9092 (id: 0 rack: null) was unsuccessful (kafka.controller.RequestSendThread)
org.apache.kafka.common.errors.SaslAuthenticationException: Authentication failed during authentication due to invalid credentials with SASL mechanism SCRAM-SHA-512
[2025-09-02 13:24:56,980] WARN [RequestSendThread controllerId=0] Controller 0's connection to broker localhost:9092 (id: 0 rack: null) was unsuccessful (kafka.controller.RequestSendThread)
org.apache.kafka.common.errors.SaslAuthenticationException: Authentication failed during authentication due to invalid credentials with SASL mechanism SCRAM-SHA-512
[2025-09-02 13:24:57,417] WARN [RequestSendThread controllerId=0] Controller 0's connection to broker localhost:9092 (id: 0 rack: null) was unsuccessful (kafka.controller.RequestSendThread)
org.apache.kafka.common.errors.SaslAuthenticationException: Authentication failed during authentication due to invalid credentials with SASL mechanism SCRAM-SHA-512
[2025-09-02 13:24:57,841] INFO [Controller id=0] Processing automatic preferred replica leader election (kafka.controller.KafkaController)
[2025-09-02 13:24:57,841] TRACE [Controller id=0] Checking need to trigger auto leader balancing (kafka.controller.KafkaController)
[2025-09-02 13:24:57,857] WARN [RequestSendThread controllerId=0] Controller 0's connection to broker localhost:9092 (id: 0 rack: null) was unsuccessful (kafka.controller.RequestSendThread)
org.apache.kafka.common.errors.SaslAuthenticationException: Authentication failed during authentication due to invalid credentials with SASL mechanism SCRAM-SHA-512
[2025-09-02 13:24:58,292] WARN [RequestSendThread controllerId=0] Controller 0's connection to broker localhost:9092 (id: 0 rack: null) was unsuccessful (kafka.controller.RequestSendThread)
org.apache.kafka.common.errors.SaslAuthenticationException: Authentication failed during authentication due to invalid credentials with SASL mechanism SCRAM-SHA-512
[2025-09-02 13:24:58,718] WARN [RequestSendThread controllerId=0] Controller 0's connection to broker localhost:9092 (id: 0 rack: null) was unsuccessful (kafka.controller.RequestSendThread)
org.apache.kafka.common.errors.SaslAuthenticationException: Authentication failed during authentication due to invalid credentials with SASL mechanism SCRAM-SHA-512
[2025-09-02 13:24:59,154] WARN [RequestSendThread controllerId=0] Controller 0's connection to broker localhost:9092 (id: 0 rack: null) was unsuccessful (kafka.controller.RequestSendThread)
org.apache.kafka.common.errors.SaslAuthenticationException: Authentication failed during authentication due to invalid credentials with SASL mechanism SCRAM-SHA-512
[2025-09-02 13:24:59,590] WARN [RequestSendThread controllerId=0] Controller 0's connection to broker localhost:9092 (id: 0 rack: null) was unsuccessful (kafka.controller.RequestSendThread)
org.apache.kafka.common.errors.SaslAuthenticationException: Authentication failed during authentication due to invalid credentials with SASL mechanism SCRAM-SHA-512
[2025-09-02 13:25:00,017] WARN [RequestSendThread controllerId=0] Controller 0's connection to broker localhost:9092 (id: 0 rack: null) was unsuccessful (kafka.controller.RequestSendThread)
org.apache.kafka.common.errors.SaslAuthenticationException: Authentication failed during authentication due to invalid credentials with SASL mechanism SCRAM-SHA-512
[2025-09-02 13:25:00,454] WARN [RequestSendThread controllerId=0] Controller 0's connection to broker localhost:9092 (id: 0 rack: null) was unsuccessful (kafka.controller.RequestSendThread)
org.apache.kafka.common.errors.SaslAuthenticationException: Authentication failed during authentication due to invalid credentials with SASL mechanism SCRAM-SHA-512
[2025-09-02 13:25:00,889] WARN [RequestSendThread controllerId=0] Controller 0's connection to broker localhost:9092 (id: 0 rack: null) was unsuccessful (kafka.controller.RequestSendThread)
org.apache.kafka.common.errors.SaslAuthenticationException: Authentication failed during authentication due to invalid credentials with SASL mechanism SCRAM-SHA-512
[2025-09-02 13:25:01,317] WARN [RequestSendThread controllerId=0] Controller 0's connection to broker localhost:9092 (id: 0 rack: null) was unsuccessful (kafka.controller.RequestSendThread)
org.apache.kafka.common.errors.SaslAuthenticationException: Authentication failed during authentication due to invalid credentials with SASL mechanism SCRAM-SHA-512
[2025-09-02 13:25:01,755] WARN [RequestSendThread controllerId=0] Controller 0's connection to broker localhost:9092 (id: 0 rack: null) was unsuccessful (kafka.controller.RequestSendThread)
org.apache.kafka.common.errors.SaslAuthenticationException: Authentication failed during authentication due to invalid credentials with SASL mechanism SCRAM-SHA-512
[2025-09-02 13:25:02,189] WARN [RequestSendThread controllerId=0] Controller 0's connection to broker localhost:9092 (id: 0 rack: null) was unsuccessful (kafka.controller.RequestSendThread)
org.apache.kafka.common.errors.SaslAuthenticationException: Authentication failed during authentication due to invalid credentials with SASL mechanism SCRAM-SHA-512
[2025-09-02 13:25:02,615] WARN [RequestSendThread controllerId=0] Controller 0's connection to broker localhost:9092 (id: 0 rack: null) was unsuccessful (kafka.controller.RequestSendThread)
org.apache.kafka.common.errors.SaslAuthenticationException: Authentication failed during authentication due to invalid credentials with SASL mechanism SCRAM-SHA-512
[2025-09-02 13:25:03,029] WARN [RequestSendThread controllerId=0] Controller 0's connection to broker localhost:9092 (id: 0 rack: null) was unsuccessful (kafka.controller.RequestSendThread)
org.apache.kafka.common.errors.SaslAuthenticationException: Authentication failed during authentication due to invalid credentials with SASL mechanism SCRAM-SHA-512
[2025-09-02 13:25:03,447] WARN [RequestSendThread controllerId=0] Controller 0's connection to broker localhost:9092 (id: 0 rack: null) was unsuccessful (kafka.controller.RequestSendThread)
org.apache.kafka.common.errors.SaslAuthenticationException: Authentication failed during authentication due to invalid credentials with SASL mechanism SCRAM-SHA-512
[2025-09-02 13:25:03,878] WARN [RequestSendThread controllerId=0] Controller 0's connection to broker localhost:9092 (id: 0 rack: null) was unsuccessful (kafka.controller.RequestSendThread)
org.apache.kafka.common.errors.SaslAuthenticationException: Authentication failed during authentication due to invalid credentials with SASL mechanism SCRAM-SHA-512
[2025-09-02 13:25:04,303] WARN [RequestSendThread controllerId=0] Controller 0's connection to broker localhost:9092 (id: 0 rack: null) was unsuccessful (kafka.controller.RequestSendThread)
org.apache.kafka.common.errors.SaslAuthenticationException: Authentication failed during authentication due to invalid credentials with SASL mechanism SCRAM-SHA-512
[2025-09-02 13:25:04,728] WARN [RequestSendThread controllerId=0] Controller 0's connection to broker localhost:9092 (id: 0 rack: null) was unsuccessful (kafka.controller.RequestSendThread)
org.apache.kafka.common.errors.SaslAuthenticationException: Authentication failed during authentication due to invalid credentials with SASL mechanism SCRAM-SHA-512
[2025-09-02 13:25:05,166] WARN [RequestSendThread controllerId=0] Controller 0's connection to broker localhost:9092 (id: 0 rack: null) was unsuccessful (kafka.controller.RequestSendThread)
org.apache.kafka.common.errors.SaslAuthenticationException: Authentication failed during authentication due to invalid credentials with SASL mechanism SCRAM-SHA-512
[2025-09-02 13:25:05,593] WARN [RequestSendThread controllerId=0] Controller 0's connection to broker localhost:9092 (id: 0 rack: null) was unsuccessful (kafka.controller.RequestSendThread)
org.apache.kafka.common.errors.SaslAuthenticationException: Authentication failed during authentication due to invalid credentials with SASL mechanism SCRAM-SHA-512
[2025-09-02 13:25:06,014] WARN [RequestSendThread controllerId=0] Controller 0's connection to broker localhost:9092 (id: 0 rack: null) was unsuccessful (kafka.controller.RequestSendThread)
org.apache.kafka.common.errors.SaslAuthenticationException: Authentication failed during authentication due to invalid credentials with SASL mechanism SCRAM-SHA-512
[2025-09-02 13:25:06,436] WARN [RequestSendThread controllerId=0] Controller 0's connection to broker localhost:9092 (id: 0 rack: null) was unsuccessful (kafka.controller.RequestSendThread)
org.apache.kafka.common.errors.SaslAuthenticationException: Authentication failed during authentication due to invalid credentials with SASL mechanism SCRAM-SHA-512
[2025-09-02 13:25:06,857] WARN [RequestSendThread controllerId=0] Controller 0's connection to broker localhost:9092 (id: 0 rack: null) was unsuccessful (kafka.controller.RequestSendThread)
org.apache.kafka.common.errors.SaslAuthenticationException: Authentication failed during authentication due to invalid credentials with SASL mechanism SCRAM-SHA-512
[2025-09-02 13:25:07,279] WARN [RequestSendThread controllerId=0] Controller 0's connection to broker localhost:9092 (id: 0 rack: null) was unsuccessful (kafka.controller.RequestSendThread)
org.apache.kafka.common.errors.SaslAuthenticationException: Authentication failed during authentication due to invalid credentials with SASL mechanism SCRAM-SHA-512
[2025-09-02 13:25:07,713] WARN [RequestSendThread controllerId=0] Controller 0's connection to broker localhost:9092 (id: 0 rack: null) was unsuccessful (kafka.controller.RequestSendThread)
org.apache.kafka.common.errors.SaslAuthenticationException: Authentication failed during authentication due to invalid credentials with SASL mechanism SCRAM-SHA-512
[2025-09-02 13:25:08,138] WARN [RequestSendThread controllerId=0] Controller 0's connection to broker localhost:9092 (id: 0 rack: null) was unsuccessful (kafka.controller.RequestSendThread)
org.apache.kafka.common.errors.SaslAuthenticationException: Authentication failed during authentication due to invalid credentials with SASL mechanism SCRAM-SHA-512
[2025-09-02 13:25:08,573] WARN [RequestSendThread controllerId=0] Controller 0's connection to broker localhost:9092 (id: 0 rack: null) was unsuccessful (kafka.controller.RequestSendThread)
org.apache.kafka.common.errors.SaslAuthenticationException: Authentication failed during authentication due to invalid credentials with SASL mechanism SCRAM-SHA-512
[2025-09-02 13:25:08,994] WARN [RequestSendThread controllerId=0] Controller 0's connection to broker localhost:9092 (id: 0 rack: null) was unsuccessful (kafka.controller.RequestSendThread)
org.apache.kafka.common.errors.SaslAuthenticationException: Authentication failed during authentication due to invalid credentials with SASL mechanism SCRAM-SHA-512
[2025-09-02 13:25:09,417] WARN [RequestSendThread controllerId=0] Controller 0's connection to broker localhost:9092 (id: 0 rack: null) was unsuccessful (kafka.controller.RequestSendThread)
org.apache.kafka.common.errors.SaslAuthenticationException: Authentication failed during authentication due to invalid credentials with SASL mechanism SCRAM-SHA-512
[2025-09-02 13:25:09,840] WARN [RequestSendThread controllerId=0] Controller 0's connection to broker localhost:9092 (id: 0 rack: null) was unsuccessful (kafka.controller.RequestSendThread)
org.apache.kafka.common.errors.SaslAuthenticationException: Authentication failed during authentication due to invalid credentials with SASL mechanism SCRAM-SHA-512
[2025-09-02 13:25:10,262] WARN [RequestSendThread controllerId=0] Controller 0's connection to broker localhost:9092 (id: 0 rack: null) was unsuccessful (kafka.controller.RequestSendThread)
org.apache.kafka.common.errors.SaslAuthenticationException: Authentication failed during authentication due to invalid credentials with SASL mechanism SCRAM-SHA-512
[2025-09-02 13:25:10,682] WARN [RequestSendThread controllerId=0] Controller 0's connection to broker localhost:9092 (id: 0 rack: null) was unsuccessful (kafka.controller.RequestSendThread)
org.apache.kafka.common.errors.SaslAuthenticationException: Authentication failed during authentication due to invalid credentials with SASL mechanism SCRAM-SHA-512
[2025-09-02 13:25:11,103] WARN [RequestSendThread controllerId=0] Controller 0's connection to broker localhost:9092 (id: 0 rack: null) was unsuccessful (kafka.controller.RequestSendThread)
org.apache.kafka.common.errors.SaslAuthenticationException: Authentication failed during authentication due to invalid credentials with SASL mechanism SCRAM-SHA-512
[2025-09-02 13:25:11,525] WARN [RequestSendThread controllerId=0] Controller 0's connection to broker localhost:9092 (id: 0 rack: null) was unsuccessful (kafka.controller.RequestSendThread)
org.apache.kafka.common.errors.SaslAuthenticationException: Authentication failed during authentication due to invalid credentials with SASL mechanism SCRAM-SHA-512
[2025-09-02 13:25:11,948] WARN [RequestSendThread controllerId=0] Controller 0's connection to broker localhost:9092 (id: 0 rack: null) was unsuccessful (kafka.controller.RequestSendThread)
org.apache.kafka.common.errors.SaslAuthenticationException: Authentication failed during authentication due to invalid credentials with SASL mechanism SCRAM-SHA-512
[2025-09-02 13:25:12,372] WARN [RequestSendThread controllerId=0] Controller 0's connection to broker localhost:9092 (id: 0 rack: null) was unsuccessful (kafka.controller.RequestSendThread)
org.apache.kafka.common.errors.SaslAuthenticationException: Authentication failed during authentication due to invalid credentials with SASL mechanism SCRAM-SHA-512
[2025-09-02 13:25:12,806] WARN [RequestSendThread controllerId=0] Controller 0's connection to broker localhost:9092 (id: 0 rack: null) was unsuccessful (kafka.controller.RequestSendThread)
org.apache.kafka.common.errors.SaslAuthenticationException: Authentication failed during authentication due to invalid credentials with SASL mechanism SCRAM-SHA-512
[2025-09-02 13:25:13,213] WARN [RequestSendThread controllerId=0] Controller 0's connection to broker localhost:9092 (id: 0 rack: null) was unsuccessful (kafka.controller.RequestSendThread)
org.apache.kafka.common.errors.SaslAuthenticationException: Authentication failed during authentication due to invalid credentials with SASL mechanism SCRAM-SHA-512
[2025-09-02 13:25:13,628] WARN [RequestSendThread controllerId=0] Controller 0's connection to broker localhost:9092 (id: 0 rack: null) was unsuccessful (kafka.controller.RequestSendThread)
org.apache.kafka.common.errors.SaslAuthenticationException: Authentication failed during authentication due to invalid credentials with SASL mechanism SCRAM-SHA-512
[2025-09-02 13:25:14,067] WARN [RequestSendThread controllerId=0] Controller 0's connection to broker localhost:9092 (id: 0 rack: null) was unsuccessful (kafka.controller.RequestSendThread)
org.apache.kafka.common.errors.SaslAuthenticationException: Authentication failed during authentication due to invalid credentials with SASL mechanism SCRAM-SHA-512
[2025-09-02 13:25:14,490] WARN [RequestSendThread controllerId=0] Controller 0's connection to broker localhost:9092 (id: 0 rack: null) was unsuccessful (kafka.controller.RequestSendThread)
org.apache.kafka.common.errors.SaslAuthenticationException: Authentication failed during authentication due to invalid credentials with SASL mechanism SCRAM-SHA-512
[2025-09-02 13:25:14,919] WARN [RequestSendThread controllerId=0] Controller 0's connection to broker localhost:9092 (id: 0 rack: null) was unsuccessful (kafka.controller.RequestSendThread)
org.apache.kafka.common.errors.SaslAuthenticationException: Authentication failed during authentication due to invalid credentials with SASL mechanism SCRAM-SHA-512
[2025-09-02 13:25:15,343] WARN [RequestSendThread controllerId=0] Controller 0's connection to broker localhost:9092 (id: 0 rack: null) was unsuccessful (kafka.controller.RequestSendThread)
org.apache.kafka.common.errors.SaslAuthenticationException: Authentication failed during authentication due to invalid credentials with SASL mechanism SCRAM-SHA-512
[2025-09-02 13:25:15,764] WARN [RequestSendThread controllerId=0] Controller 0's connection to broker localhost:9092 (id: 0 rack: null) was unsuccessful (kafka.controller.RequestSendThread)
org.apache.kafka.common.errors.SaslAuthenticationException: Authentication failed during authentication due to invalid credentials with SASL mechanism SCRAM-SHA-512
[2025-09-02 13:25:16,188] WARN [RequestSendThread controllerId=0] Controller 0's connection to broker localhost:9092 (id: 0 rack: null) was unsuccessful (kafka.controller.RequestSendThread)
org.apache.kafka.common.errors.SaslAuthenticationException: Authentication failed during authentication due to invalid credentials with SASL mechanism SCRAM-SHA-512
[2025-09-02 13:25:16,614] WARN [RequestSendThread controllerId=0] Controller 0's connection to broker localhost:9092 (id: 0 rack: null) was unsuccessful (kafka.controller.RequestSendThread)
org.apache.kafka.common.errors.SaslAuthenticationException: Authentication failed during authentication due to invalid credentials with SASL mechanism SCRAM-SHA-512
[2025-09-02 13:25:17,036] WARN [RequestSendThread controllerId=0] Controller 0's connection to broker localhost:9092 (id: 0 rack: null) was unsuccessful (kafka.controller.RequestSendThread)
org.apache.kafka.common.errors.SaslAuthenticationException: Authentication failed during authentication due to invalid credentials with SASL mechanism SCRAM-SHA-512
[2025-09-02 13:25:17,458] WARN [RequestSendThread controllerId=0] Controller 0's connection to broker localhost:9092 (id: 0 rack: null) was unsuccessful (kafka.controller.RequestSendThread)
org.apache.kafka.common.errors.SaslAuthenticationException: Authentication failed during authentication due to invalid credentials with SASL mechanism SCRAM-SHA-512
[2025-09-02 13:25:17,892] WARN [RequestSendThread controllerId=0] Controller 0's connection to broker localhost:9092 (id: 0 rack: null) was unsuccessful (kafka.controller.RequestSendThread)
org.apache.kafka.common.errors.SaslAuthenticationException: Authentication failed during authentication due to invalid credentials with SASL mechanism SCRAM-SHA-512
[2025-09-02 13:25:18,312] WARN [RequestSendThread controllerId=0] Controller 0's connection to broker localhost:9092 (id: 0 rack: null) was unsuccessful (kafka.controller.RequestSendThread)
org.apache.kafka.common.errors.SaslAuthenticationException: Authentication failed during authentication due to invalid credentials with SASL mechanism SCRAM-SHA-512
[2025-09-02 13:25:18,731] WARN [RequestSendThread controllerId=0] Controller 0's connection to broker localhost:9092 (id: 0 rack: null) was unsuccessful (kafka.controller.RequestSendThread)
org.apache.kafka.common.errors.SaslAuthenticationException: Authentication failed during authentication due to invalid credentials with SASL mechanism SCRAM-SHA-512
[2025-09-02 13:25:19,165] WARN [RequestSendThread controllerId=0] Controller 0's connection to broker localhost:9092 (id: 0 rack: null) was unsuccessful (kafka.controller.RequestSendThread)
org.apache.kafka.common.errors.SaslAuthenticationException: Authentication failed during authentication due to invalid credentials with SASL mechanism SCRAM-SHA-512
[2025-09-02 13:25:19,588] WARN [RequestSendThread controllerId=0] Controller 0's connection to broker localhost:9092 (id: 0 rack: null) was unsuccessful (kafka.controller.RequestSendThread)
org.apache.kafka.common.errors.SaslAuthenticationException: Authentication failed during authentication due to invalid credentials with SASL mechanism SCRAM-SHA-512
[2025-09-02 13:25:20,028] WARN [RequestSendThread controllerId=0] Controller 0's connection to broker localhost:9092 (id: 0 rack: null) was unsuccessful (kafka.controller.RequestSendThread)
org.apache.kafka.common.errors.SaslAuthenticationException: Authentication failed during authentication due to invalid credentials with SASL mechanism SCRAM-SHA-512
[2025-09-02 13:25:20,459] WARN [RequestSendThread controllerId=0] Controller 0's connection to broker localhost:9092 (id: 0 rack: null) was unsuccessful (kafka.controller.RequestSendThread)
org.apache.kafka.common.errors.SaslAuthenticationException: Authentication failed during authentication due to invalid credentials with SASL mechanism SCRAM-SHA-512
[2025-09-02 13:25:20,883] WARN [RequestSendThread controllerId=0] Controller 0's connection to broker localhost:9092 (id: 0 rack: null) was unsuccessful (kafka.controller.RequestSendThread)
org.apache.kafka.common.errors.SaslAuthenticationException: Authentication failed during authentication due to invalid credentials with SASL mechanism SCRAM-SHA-512
[2025-09-02 13:25:21,304] WARN [RequestSendThread controllerId=0] Controller 0's connection to broker localhost:9092 (id: 0 rack: null) was unsuccessful (kafka.controller.RequestSendThread)
org.apache.kafka.common.errors.SaslAuthenticationException: Authentication failed during authentication due to invalid credentials with SASL mechanism SCRAM-SHA-512
[2025-09-02 13:25:21,739] WARN [RequestSendThread controllerId=0] Controller 0's connection to broker localhost:9092 (id: 0 rack: null) was unsuccessful (kafka.controller.RequestSendThread)
org.apache.kafka.common.errors.SaslAuthenticationException: Authentication failed during authentication due to invalid credentials with SASL mechanism SCRAM-SHA-512
[2025-09-02 13:25:22,180] WARN [RequestSendThread controllerId=0] Controller 0's connection to broker localhost:9092 (id: 0 rack: null) was unsuccessful (kafka.controller.RequestSendThread)
org.apache.kafka.common.errors.SaslAuthenticationException: Authentication failed during authentication due to invalid credentials with SASL mechanism SCRAM-SHA-512
[2025-09-02 13:25:22,587] WARN [RequestSendThread controllerId=0] Controller 0's connection to broker localhost:9092 (id: 0 rack: null) was unsuccessful (kafka.controller.RequestSendThread)
org.apache.kafka.common.errors.SaslAuthenticationException: Authentication failed during authentication due to invalid credentials with SASL mechanism SCRAM-SHA-512
[2025-09-02 13:25:23,011] WARN [RequestSendThread controllerId=0] Controller 0's connection to broker localhost:9092 (id: 0 rack: null) was unsuccessful (kafka.controller.RequestSendThread)
org.apache.kafka.common.errors.SaslAuthenticationException: Authentication failed during authentication due to invalid credentials with SASL mechanism SCRAM-SHA-512
[2025-09-02 13:25:23,430] WARN [RequestSendThread controllerId=0] Controller 0's connection to broker localhost:9092 (id: 0 rack: null) was unsuccessful (kafka.controller.RequestSendThread)
org.apache.kafka.common.errors.SaslAuthenticationException: Authentication failed during authentication due to invalid credentials with SASL mechanism SCRAM-SHA-512
[2025-09-02 13:25:23,858] WARN [RequestSendThread controllerId=0] Controller 0's connection to broker localhost:9092 (id: 0 rack: null) was unsuccessful (kafka.controller.RequestSendThread)
org.apache.kafka.common.errors.SaslAuthenticationException: Authentication failed during authentication due to invalid credentials with SASL mechanism SCRAM-SHA-512
[2025-09-02 13:25:24,278] WARN [RequestSendThread controllerId=0] Controller 0's connection to broker localhost:9092 (id: 0 rack: null) was unsuccessful (kafka.controller.RequestSendThread)
org.apache.kafka.common.errors.SaslAuthenticationException: Authentication failed during authentication due to invalid credentials with SASL mechanism SCRAM-SHA-512
[2025-09-02 13:25:24,701] WARN [RequestSendThread controllerId=0] Controller 0's connection to broker localhost:9092 (id: 0 rack: null) was unsuccessful (kafka.controller.RequestSendThread)
org.apache.kafka.common.errors.SaslAuthenticationException: Authentication failed during authentication due to invalid credentials with SASL mechanism SCRAM-SHA-512
[2025-09-02 13:25:25,124] WARN [RequestSendThread controllerId=0] Controller 0's connection to broker localhost:9092 (id: 0 rack: null) was unsuccessful (kafka.controller.RequestSendThread)
org.apache.kafka.common.errors.SaslAuthenticationException: Authentication failed during authentication due to invalid credentials with SASL mechanism SCRAM-SHA-512
[2025-09-02 13:25:25,543] WARN [RequestSendThread controllerId=0] Controller 0's connection to broker localhost:9092 (id: 0 rack: null) was unsuccessful (kafka.controller.RequestSendThread)
org.apache.kafka.common.errors.SaslAuthenticationException: Authentication failed during authentication due to invalid credentials with SASL mechanism SCRAM-SHA-512
[2025-09-02 13:25:25,967] WARN [RequestSendThread controllerId=0] Controller 0's connection to broker localhost:9092 (id: 0 rack: null) was unsuccessful (kafka.controller.RequestSendThread)
org.apache.kafka.common.errors.SaslAuthenticationException: Authentication failed during authentication due to invalid credentials with SASL mechanism SCRAM-SHA-512
[2025-09-02 13:25:26,389] WARN [RequestSendThread controllerId=0] Controller 0's connection to broker localhost:9092 (id: 0 rack: null) was unsuccessful (kafka.controller.RequestSendThread)
org.apache.kafka.common.errors.SaslAuthenticationException: Authentication failed during authentication due to invalid credentials with SASL mechanism SCRAM-SHA-512
[2025-09-02 13:25:26,809] WARN [RequestSendThread controllerId=0] Controller 0's connection to broker localhost:9092 (id: 0 rack: null) was unsuccessful (kafka.controller.RequestSendThread)
org.apache.kafka.common.errors.SaslAuthenticationException: Authentication failed during authentication due to invalid credentials with SASL mechanism SCRAM-SHA-512
[2025-09-02 13:25:27,231] WARN [RequestSendThread controllerId=0] Controller 0's connection to broker localhost:9092 (id: 0 rack: null) was unsuccessful (kafka.controller.RequestSendThread)
org.apache.kafka.common.errors.SaslAuthenticationException: Authentication failed during authentication due to invalid credentials with SASL mechanism SCRAM-SHA-512
[2025-09-02 13:25:27,655] WARN [RequestSendThread controllerId=0] Controller 0's connection to broker localhost:9092 (id: 0 rack: null) was unsuccessful (kafka.controller.RequestSendThread)
org.apache.kafka.common.errors.SaslAuthenticationException: Authentication failed during authentication due to invalid credentials with SASL mechanism SCRAM-SHA-512
[2025-09-02 13:25:28,080] WARN [RequestSendThread controllerId=0] Controller 0's connection to broker localhost:9092 (id: 0 rack: null) was unsuccessful (kafka.controller.RequestSendThread)
org.apache.kafka.common.errors.SaslAuthenticationException: Authentication failed during authentication due to invalid credentials with SASL mechanism SCRAM-SHA-512
[2025-09-02 13:25:28,503] WARN [RequestSendThread controllerId=0] Controller 0's connection to broker localhost:9092 (id: 0 rack: null) was unsuccessful (kafka.controller.RequestSendThread)
org.apache.kafka.common.errors.SaslAuthenticationException: Authentication failed during authentication due to invalid credentials with SASL mechanism SCRAM-SHA-512
[2025-09-02 13:25:28,923] WARN [RequestSendThread controllerId=0] Controller 0's connection to broker localhost:9092 (id: 0 rack: null) was unsuccessful (kafka.controller.RequestSendThread)
org.apache.kafka.common.errors.SaslAuthenticationException: Authentication failed during authentication due to invalid credentials with SASL mechanism SCRAM-SHA-512
[2025-09-02 13:25:29,344] WARN [RequestSendThread controllerId=0] Controller 0's connection to broker localhost:9092 (id: 0 rack: null) was unsuccessful (kafka.controller.RequestSendThread)
org.apache.kafka.common.errors.SaslAuthenticationException: Authentication failed during authentication due to invalid credentials with SASL mechanism SCRAM-SHA-512
[2025-09-02 13:25:29,769] WARN [RequestSendThread controllerId=0] Controller 0's connection to broker localhost:9092 (id: 0 rack: null) was unsuccessful (kafka.controller.RequestSendThread)
org.apache.kafka.common.errors.SaslAuthenticationException: Authentication failed during authentication due to invalid credentials with SASL mechanism SCRAM-SHA-512
[2025-09-02 13:25:30,193] WARN [RequestSendThread controllerId=0] Controller 0's connection to broker localhost:9092 (id: 0 rack: null) was unsuccessful (kafka.controller.RequestSendThread)
org.apache.kafka.common.errors.SaslAuthenticationException: Authentication failed during authentication due to invalid credentials with SASL mechanism SCRAM-SHA-512
[2025-09-02 13:25:30,617] WARN [RequestSendThread controllerId=0] Controller 0's connection to broker localhost:9092 (id: 0 rack: null) was unsuccessful (kafka.controller.RequestSendThread)
org.apache.kafka.common.errors.SaslAuthenticationException: Authentication failed during authentication due to invalid credentials with SASL mechanism SCRAM-SHA-512
[2025-09-02 13:25:31,037] WARN [RequestSendThread controllerId=0] Controller 0's connection to broker localhost:9092 (id: 0 rack: null) was unsuccessful (kafka.controller.RequestSendThread)
org.apache.kafka.common.errors.SaslAuthenticationException: Authentication failed during authentication due to invalid credentials with SASL mechanism SCRAM-SHA-512
[2025-09-02 13:25:31,463] WARN [RequestSendThread controllerId=0] Controller 0's connection to broker localhost:9092 (id: 0 rack: null) was unsuccessful (kafka.controller.RequestSendThread)
org.apache.kafka.common.errors.SaslAuthenticationException: Authentication failed during authentication due to invalid credentials with SASL mechanism SCRAM-SHA-512
[2025-09-02 13:25:31,885] WARN [RequestSendThread controllerId=0] Controller 0's connection to broker localhost:9092 (id: 0 rack: null) was unsuccessful (kafka.controller.RequestSendThread)
org.apache.kafka.common.errors.SaslAuthenticationException: Authentication failed during authentication due to invalid credentials with SASL mechanism SCRAM-SHA-512
[2025-09-02 13:25:32,301] WARN [RequestSendThread controllerId=0] Controller 0's connection to broker localhost:9092 (id: 0 rack: null) was unsuccessful (kafka.controller.RequestSendThread)
org.apache.kafka.common.errors.SaslAuthenticationException: Authentication failed during authentication due to invalid credentials with SASL mechanism SCRAM-SHA-512
[2025-09-02 13:25:32,717] WARN [RequestSendThread controllerId=0] Controller 0's connection to broker localhost:9092 (id: 0 rack: null) was unsuccessful (kafka.controller.RequestSendThread)
org.apache.kafka.common.errors.SaslAuthenticationException: Authentication failed during authentication due to invalid credentials with SASL mechanism SCRAM-SHA-512
[2025-09-02 13:25:33,133] WARN [RequestSendThread controllerId=0] Controller 0's connection to broker localhost:9092 (id: 0 rack: null) was unsuccessful (kafka.controller.RequestSendThread)
org.apache.kafka.common.errors.SaslAuthenticationException: Authentication failed during authentication due to invalid credentials with SASL mechanism SCRAM-SHA-512
[2025-09-02 13:25:33,550] WARN [RequestSendThread controllerId=0] Controller 0's connection to broker localhost:9092 (id: 0 rack: null) was unsuccessful (kafka.controller.RequestSendThread)
org.apache.kafka.common.errors.SaslAuthenticationException: Authentication failed during authentication due to invalid credentials with SASL mechanism SCRAM-SHA-512
[2025-09-02 13:25:33,976] WARN [RequestSendThread controllerId=0] Controller 0's connection to broker localhost:9092 (id: 0 rack: null) was unsuccessful (kafka.controller.RequestSendThread)
org.apache.kafka.common.errors.SaslAuthenticationException: Authentication failed during authentication due to invalid credentials with SASL mechanism SCRAM-SHA-512
[2025-09-02 13:25:34,400] WARN [RequestSendThread controllerId=0] Controller 0's connection to broker localhost:9092 (id: 0 rack: null) was unsuccessful (kafka.controller.RequestSendThread)
org.apache.kafka.common.errors.SaslAuthenticationException: Authentication failed during authentication due to invalid credentials with SASL mechanism SCRAM-SHA-512
[2025-09-02 13:25:34,827] WARN [RequestSendThread controllerId=0] Controller 0's connection to broker localhost:9092 (id: 0 rack: null) was unsuccessful (kafka.controller.RequestSendThread)
org.apache.kafka.common.errors.SaslAuthenticationException: Authentication failed during authentication due to invalid credentials with SASL mechanism SCRAM-SHA-512
[2025-09-02 13:25:35,248] WARN [RequestSendThread controllerId=0] Controller 0's connection to broker localhost:9092 (id: 0 rack: null) was unsuccessful (kafka.controller.RequestSendThread)
org.apache.kafka.common.errors.SaslAuthenticationException: Authentication failed during authentication due to invalid credentials with SASL mechanism SCRAM-SHA-512
[2025-09-02 13:25:35,673] WARN [RequestSendThread controllerId=0] Controller 0's connection to broker localhost:9092 (id: 0 rack: null) was unsuccessful (kafka.controller.RequestSendThread)
org.apache.kafka.common.errors.SaslAuthenticationException: Authentication failed during authentication due to invalid credentials with SASL mechanism SCRAM-SHA-512
[2025-09-02 13:25:36,091] WARN [RequestSendThread controllerId=0] Controller 0's connection to broker localhost:9092 (id: 0 rack: null) was unsuccessful (kafka.controller.RequestSendThread)
org.apache.kafka.common.errors.SaslAuthenticationException: Authentication failed during authentication due to invalid credentials with SASL mechanism SCRAM-SHA-512
[2025-09-02 13:25:36,525] WARN [RequestSendThread controllerId=0] Controller 0's connection to broker localhost:9092 (id: 0 rack: null) was unsuccessful (kafka.controller.RequestSendThread)
org.apache.kafka.common.errors.SaslAuthenticationException: Authentication failed during authentication due to invalid credentials with SASL mechanism SCRAM-SHA-512
[2025-09-02 13:25:36,938] WARN [RequestSendThread controllerId=0] Controller 0's connection to broker localhost:9092 (id: 0 rack: null) was unsuccessful (kafka.controller.RequestSendThread)
org.apache.kafka.common.errors.SaslAuthenticationException: Authentication failed during authentication due to invalid credentials with SASL mechanism SCRAM-SHA-512
[2025-09-02 13:25:37,354] WARN [RequestSendThread controllerId=0] Controller 0's connection to broker localhost:9092 (id: 0 rack: null) was unsuccessful (kafka.controller.RequestSendThread)
org.apache.kafka.common.errors.SaslAuthenticationException: Authentication failed during authentication due to invalid credentials with SASL mechanism SCRAM-SHA-512
[2025-09-02 13:25:37,784] WARN [RequestSendThread controllerId=0] Controller 0's connection to broker localhost:9092 (id: 0 rack: null) was unsuccessful (kafka.controller.RequestSendThread)
org.apache.kafka.common.errors.SaslAuthenticationException: Authentication failed during authentication due to invalid credentials with SASL mechanism SCRAM-SHA-512
[2025-09-02 13:25:38,209] WARN [RequestSendThread controllerId=0] Controller 0's connection to broker localhost:9092 (id: 0 rack: null) was unsuccessful (kafka.controller.RequestSendThread)
org.apache.kafka.common.errors.SaslAuthenticationException: Authentication failed during authentication due to invalid credentials with SASL mechanism SCRAM-SHA-512
[2025-09-02 13:25:38,636] WARN [RequestSendThread controllerId=0] Controller 0's connection to broker localhost:9092 (id: 0 rack: null) was unsuccessful (kafka.controller.RequestSendThread)
org.apache.kafka.common.errors.SaslAuthenticationException: Authentication failed during authentication due to invalid credentials with SASL mechanism SCRAM-SHA-512
[2025-09-02 13:25:39,058] WARN [RequestSendThread controllerId=0] Controller 0's connection to broker localhost:9092 (id: 0 rack: null) was unsuccessful (kafka.controller.RequestSendThread)
org.apache.kafka.common.errors.SaslAuthenticationException: Authentication failed during authentication due to invalid credentials with SASL mechanism SCRAM-SHA-512
[2025-09-02 13:25:39,481] WARN [RequestSendThread controllerId=0] Controller 0's connection to broker localhost:9092 (id: 0 rack: null) was unsuccessful (kafka.controller.RequestSendThread)
org.apache.kafka.common.errors.SaslAuthenticationException: Authentication failed during authentication due to invalid credentials with SASL mechanism SCRAM-SHA-512
[2025-09-02 13:25:39,902] WARN [RequestSendThread controllerId=0] Controller 0's connection to broker localhost:9092 (id: 0 rack: null) was unsuccessful (kafka.controller.RequestSendThread)
org.apache.kafka.common.errors.SaslAuthenticationException: Authentication failed during authentication due to invalid credentials with SASL mechanism SCRAM-SHA-512
[2025-09-02 13:25:40,323] WARN [RequestSendThread controllerId=0] Controller 0's connection to broker localhost:9092 (id: 0 rack: null) was unsuccessful (kafka.controller.RequestSendThread)
org.apache.kafka.common.errors.SaslAuthenticationException: Authentication failed during authentication due to invalid credentials with SASL mechanism SCRAM-SHA-512
[2025-09-02 13:25:40,747] WARN [RequestSendThread controllerId=0] Controller 0's connection to broker localhost:9092 (id: 0 rack: null) was unsuccessful (kafka.controller.RequestSendThread)
org.apache.kafka.common.errors.SaslAuthenticationException: Authentication failed during authentication due to invalid credentials with SASL mechanism SCRAM-SHA-512
[2025-09-02 13:25:41,170] WARN [RequestSendThread controllerId=0] Controller 0's connection to broker localhost:9092 (id: 0 rack: null) was unsuccessful (kafka.controller.RequestSendThread)
org.apache.kafka.common.errors.SaslAuthenticationException: Authentication failed during authentication due to invalid credentials with SASL mechanism SCRAM-SHA-512
[2025-09-02 13:25:41,588] WARN [RequestSendThread controllerId=0] Controller 0's connection to broker localhost:9092 (id: 0 rack: null) was unsuccessful (kafka.controller.RequestSendThread)
org.apache.kafka.common.errors.SaslAuthenticationException: Authentication failed during authentication due to invalid credentials with SASL mechanism SCRAM-SHA-512
[2025-09-02 13:25:42,014] WARN [RequestSendThread controllerId=0] Controller 0's connection to broker localhost:9092 (id: 0 rack: null) was unsuccessful (kafka.controller.RequestSendThread)
org.apache.kafka.common.errors.SaslAuthenticationException: Authentication failed during authentication due to invalid credentials with SASL mechanism SCRAM-SHA-512
[2025-09-02 13:25:42,433] WARN [RequestSendThread controllerId=0] Controller 0's connection to broker localhost:9092 (id: 0 rack: null) was unsuccessful (kafka.controller.RequestSendThread)
org.apache.kafka.common.errors.SaslAuthenticationException: Authentication failed during authentication due to invalid credentials with SASL mechanism SCRAM-SHA-512
[2025-09-02 13:25:42,857] WARN [RequestSendThread controllerId=0] Controller 0's connection to broker localhost:9092 (id: 0 rack: null) was unsuccessful (kafka.controller.RequestSendThread)
org.apache.kafka.common.errors.SaslAuthenticationException: Authentication failed during authentication due to invalid credentials with SASL mechanism SCRAM-SHA-512
[2025-09-02 13:25:43,277] WARN [RequestSendThread controllerId=0] Controller 0's connection to broker localhost:9092 (id: 0 rack: null) was unsuccessful (kafka.controller.RequestSendThread)
org.apache.kafka.common.errors.SaslAuthenticationException: Authentication failed during authentication due to invalid credentials with SASL mechanism SCRAM-SHA-512
[2025-09-02 13:25:43,701] WARN [RequestSendThread controllerId=0] Controller 0's connection to broker localhost:9092 (id: 0 rack: null) was unsuccessful (kafka.controller.RequestSendThread)
org.apache.kafka.common.errors.SaslAuthenticationException: Authentication failed during authentication due to invalid credentials with SASL mechanism SCRAM-SHA-512
[2025-09-02 13:25:44,121] WARN [RequestSendThread controllerId=0] Controller 0's connection to broker localhost:9092 (id: 0 rack: null) was unsuccessful (kafka.controller.RequestSendThread)
org.apache.kafka.common.errors.SaslAuthenticationException: Authentication failed during authentication due to invalid credentials with SASL mechanism SCRAM-SHA-512
[2025-09-02 13:25:44,542] WARN [RequestSendThread controllerId=0] Controller 0's connection to broker localhost:9092 (id: 0 rack: null) was unsuccessful (kafka.controller.RequestSendThread)
org.apache.kafka.common.errors.SaslAuthenticationException: Authentication failed during authentication due to invalid credentials with SASL mechanism SCRAM-SHA-512
[2025-09-02 13:25:44,966] WARN [RequestSendThread controllerId=0] Controller 0's connection to broker localhost:9092 (id: 0 rack: null) was unsuccessful (kafka.controller.RequestSendThread)
org.apache.kafka.common.errors.SaslAuthenticationException: Authentication failed during authentication due to invalid credentials with SASL mechanism SCRAM-SHA-512
[2025-09-02 13:25:45,398] WARN [RequestSendThread controllerId=0] Controller 0's connection to broker localhost:9092 (id: 0 rack: null) was unsuccessful (kafka.controller.RequestSendThread)
org.apache.kafka.common.errors.SaslAuthenticationException: Authentication failed during authentication due to invalid credentials with SASL mechanism SCRAM-SHA-512
[2025-09-02 13:25:45,820] WARN [RequestSendThread controllerId=0] Controller 0's connection to broker localhost:9092 (id: 0 rack: null) was unsuccessful (kafka.controller.RequestSendThread)
org.apache.kafka.common.errors.SaslAuthenticationException: Authentication failed during authentication due to invalid credentials with SASL mechanism SCRAM-SHA-512
[2025-09-02 13:25:46,244] WARN [RequestSendThread controllerId=0] Controller 0's connection to broker localhost:9092 (id: 0 rack: null) was unsuccessful (kafka.controller.RequestSendThread)
org.apache.kafka.common.errors.SaslAuthenticationException: Authentication failed during authentication due to invalid credentials with SASL mechanism SCRAM-SHA-512
[2025-09-02 13:25:46,668] WARN [RequestSendThread controllerId=0] Controller 0's connection to broker localhost:9092 (id: 0 rack: null) was unsuccessful (kafka.controller.RequestSendThread)
org.apache.kafka.common.errors.SaslAuthenticationException: Authentication failed during authentication due to invalid credentials with SASL mechanism SCRAM-SHA-512
[2025-09-02 13:25:47,090] WARN [RequestSendThread controllerId=0] Controller 0's connection to broker localhost:9092 (id: 0 rack: null) was unsuccessful (kafka.controller.RequestSendThread)
org.apache.kafka.common.errors.SaslAuthenticationException: Authentication failed during authentication due to invalid credentials with SASL mechanism SCRAM-SHA-512
[2025-09-02 13:25:47,515] WARN [RequestSendThread controllerId=0] Controller 0's connection to broker localhost:9092 (id: 0 rack: null) was unsuccessful (kafka.controller.RequestSendThread)
org.apache.kafka.common.errors.SaslAuthenticationException: Authentication failed during authentication due to invalid credentials with SASL mechanism SCRAM-SHA-512
[2025-09-02 13:25:47,938] WARN [RequestSendThread controllerId=0] Controller 0's connection to broker localhost:9092 (id: 0 rack: null) was unsuccessful (kafka.controller.RequestSendThread)
org.apache.kafka.common.errors.SaslAuthenticationException: Authentication failed during authentication due to invalid credentials with SASL mechanism SCRAM-SHA-512
[2025-09-02 13:25:48,360] WARN [RequestSendThread controllerId=0] Controller 0's connection to broker localhost:9092 (id: 0 rack: null) was unsuccessful (kafka.controller.RequestSendThread)
org.apache.kafka.common.errors.SaslAuthenticationException: Authentication failed during authentication due to invalid credentials with SASL mechanism SCRAM-SHA-512
[2025-09-02 13:25:48,783] WARN [RequestSendThread controllerId=0] Controller 0's connection to broker localhost:9092 (id: 0 rack: null) was unsuccessful (kafka.controller.RequestSendThread)
org.apache.kafka.common.errors.SaslAuthenticationException: Authentication failed during authentication due to invalid credentials with SASL mechanism SCRAM-SHA-512
[2025-09-02 13:25:49,207] WARN [RequestSendThread controllerId=0] Controller 0's connection to broker localhost:9092 (id: 0 rack: null) was unsuccessful (kafka.controller.RequestSendThread)
org.apache.kafka.common.errors.SaslAuthenticationException: Authentication failed during authentication due to invalid credentials with SASL mechanism SCRAM-SHA-512
[2025-09-02 13:25:49,630] WARN [RequestSendThread controllerId=0] Controller 0's connection to broker localhost:9092 (id: 0 rack: null) was unsuccessful (kafka.controller.RequestSendThread)
org.apache.kafka.common.errors.SaslAuthenticationException: Authentication failed during authentication due to invalid credentials with SASL mechanism SCRAM-SHA-512
[2025-09-02 13:25:50,050] WARN [RequestSendThread controllerId=0] Controller 0's connection to broker localhost:9092 (id: 0 rack: null) was unsuccessful (kafka.controller.RequestSendThread)
org.apache.kafka.common.errors.SaslAuthenticationException: Authentication failed during authentication due to invalid credentials with SASL mechanism SCRAM-SHA-512
[2025-09-02 13:25:50,477] WARN [RequestSendThread controllerId=0] Controller 0's connection to broker localhost:9092 (id: 0 rack: null) was unsuccessful (kafka.controller.RequestSendThread)
org.apache.kafka.common.errors.SaslAuthenticationException: Authentication failed during authentication due to invalid credentials with SASL mechanism SCRAM-SHA-512
[2025-09-02 13:25:50,897] WARN [RequestSendThread controllerId=0] Controller 0's connection to broker localhost:9092 (id: 0 rack: null) was unsuccessful (kafka.controller.RequestSendThread)
org.apache.kafka.common.errors.SaslAuthenticationException: Authentication failed during authentication due to invalid credentials with SASL mechanism SCRAM-SHA-512
[2025-09-02 13:25:51,330] WARN [RequestSendThread controllerId=0] Controller 0's connection to broker localhost:9092 (id: 0 rack: null) was unsuccessful (kafka.controller.RequestSendThread)
org.apache.kafka.common.errors.SaslAuthenticationException: Authentication failed during authentication due to invalid credentials with SASL mechanism SCRAM-SHA-512
[2025-09-02 13:25:51,757] WARN [RequestSendThread controllerId=0] Controller 0's connection to broker localhost:9092 (id: 0 rack: null) was unsuccessful (kafka.controller.RequestSendThread)
org.apache.kafka.common.errors.SaslAuthenticationException: Authentication failed during authentication due to invalid credentials with SASL mechanism SCRAM-SHA-512
[2025-09-02 13:25:52,175] WARN [RequestSendThread controllerId=0] Controller 0's connection to broker localhost:9092 (id: 0 rack: null) was unsuccessful (kafka.controller.RequestSendThread)
org.apache.kafka.common.errors.SaslAuthenticationException: Authentication failed during authentication due to invalid credentials with SASL mechanism SCRAM-SHA-512
[2025-09-02 13:25:52,599] WARN [RequestSendThread controllerId=0] Controller 0's connection to broker localhost:9092 (id: 0 rack: null) was unsuccessful (kafka.controller.RequestSendThread)
org.apache.kafka.common.errors.SaslAuthenticationException: Authentication failed during authentication due to invalid credentials with SASL mechanism SCRAM-SHA-512
[2025-09-02 13:25:53,024] WARN [RequestSendThread controllerId=0] Controller 0's connection to broker localhost:9092 (id: 0 rack: null) was unsuccessful (kafka.controller.RequestSendThread)
org.apache.kafka.common.errors.SaslAuthenticationException: Authentication failed during authentication due to invalid credentials with SASL mechanism SCRAM-SHA-512
[2025-09-02 13:25:53,448] WARN [RequestSendThread controllerId=0] Controller 0's connection to broker localhost:9092 (id: 0 rack: null) was unsuccessful (kafka.controller.RequestSendThread)
org.apache.kafka.common.errors.SaslAuthenticationException: Authentication failed during authentication due to invalid credentials with SASL mechanism SCRAM-SHA-512
[2025-09-02 13:25:53,868] WARN [RequestSendThread controllerId=0] Controller 0's connection to broker localhost:9092 (id: 0 rack: null) was unsuccessful (kafka.controller.RequestSendThread)
org.apache.kafka.common.errors.SaslAuthenticationException: Authentication failed during authentication due to invalid credentials with SASL mechanism SCRAM-SHA-512
[2025-09-02 13:25:54,293] WARN [RequestSendThread controllerId=0] Controller 0's connection to broker localhost:9092 (id: 0 rack: null) was unsuccessful (kafka.controller.RequestSendThread)
org.apache.kafka.common.errors.SaslAuthenticationException: Authentication failed during authentication due to invalid credentials with SASL mechanism SCRAM-SHA-512
[2025-09-02 13:25:54,714] WARN [RequestSendThread controllerId=0] Controller 0's connection to broker localhost:9092 (id: 0 rack: null) was unsuccessful (kafka.controller.RequestSendThread)
org.apache.kafka.common.errors.SaslAuthenticationException: Authentication failed during authentication due to invalid credentials with SASL mechanism SCRAM-SHA-512
[2025-09-02 13:25:55,139] WARN [RequestSendThread controllerId=0] Controller 0's connection to broker localhost:9092 (id: 0 rack: null) was unsuccessful (kafka.controller.RequestSendThread)
org.apache.kafka.common.errors.SaslAuthenticationException: Authentication failed during authentication due to invalid credentials with SASL mechanism SCRAM-SHA-512
[2025-09-02 13:25:55,559] WARN [RequestSendThread controllerId=0] Controller 0's connection to broker localhost:9092 (id: 0 rack: null) was unsuccessful (kafka.controller.RequestSendThread)
org.apache.kafka.common.errors.SaslAuthenticationException: Authentication failed during authentication due to invalid credentials with SASL mechanism SCRAM-SHA-512
[2025-09-02 13:25:55,983] WARN [RequestSendThread controllerId=0] Controller 0's connection to broker localhost:9092 (id: 0 rack: null) was unsuccessful (kafka.controller.RequestSendThread)
org.apache.kafka.common.errors.SaslAuthenticationException: Authentication failed during authentication due to invalid credentials with SASL mechanism SCRAM-SHA-512
[2025-09-02 13:25:56,404] WARN [RequestSendThread controllerId=0] Controller 0's connection to broker localhost:9092 (id: 0 rack: null) was unsuccessful (kafka.controller.RequestSendThread)
org.apache.kafka.common.errors.SaslAuthenticationException: Authentication failed during authentication due to invalid credentials with SASL mechanism SCRAM-SHA-512
[2025-09-02 13:25:56,824] WARN [RequestSendThread controllerId=0] Controller 0's connection to broker localhost:9092 (id: 0 rack: null) was unsuccessful (kafka.controller.RequestSendThread)
org.apache.kafka.common.errors.SaslAuthenticationException: Authentication failed during authentication due to invalid credentials with SASL mechanism SCRAM-SHA-512
[2025-09-02 13:25:57,245] WARN [RequestSendThread controllerId=0] Controller 0's connection to broker localhost:9092 (id: 0 rack: null) was unsuccessful (kafka.controller.RequestSendThread)
org.apache.kafka.common.errors.SaslAuthenticationException: Authentication failed during authentication due to invalid credentials with SASL mechanism SCRAM-SHA-512
[2025-09-02 13:25:57,667] WARN [RequestSendThread controllerId=0] Controller 0's connection to broker localhost:9092 (id: 0 rack: null) was unsuccessful (kafka.controller.RequestSendThread)
org.apache.kafka.common.errors.SaslAuthenticationException: Authentication failed during authentication due to invalid credentials with SASL mechanism SCRAM-SHA-512
[2025-09-02 13:25:58,087] WARN [RequestSendThread controllerId=0] Controller 0's connection to broker localhost:9092 (id: 0 rack: null) was unsuccessful (kafka.controller.RequestSendThread)
org.apache.kafka.common.errors.SaslAuthenticationException: Authentication failed during authentication due to invalid credentials with SASL mechanism SCRAM-SHA-512
[2025-09-02 13:25:58,513] WARN [RequestSendThread controllerId=0] Controller 0's connection to broker localhost:9092 (id: 0 rack: null) was unsuccessful (kafka.controller.RequestSendThread)
org.apache.kafka.common.errors.SaslAuthenticationException: Authentication failed during authentication due to invalid credentials with SASL mechanism SCRAM-SHA-512
[2025-09-02 13:25:58,936] WARN [RequestSendThread controllerId=0] Controller 0's connection to broker localhost:9092 (id: 0 rack: null) was unsuccessful (kafka.controller.RequestSendThread)
org.apache.kafka.common.errors.SaslAuthenticationException: Authentication failed during authentication due to invalid credentials with SASL mechanism SCRAM-SHA-512
[2025-09-02 13:25:59,358] WARN [RequestSendThread controllerId=0] Controller 0's connection to broker localhost:9092 (id: 0 rack: null) was unsuccessful (kafka.controller.RequestSendThread)
org.apache.kafka.common.errors.SaslAuthenticationException: Authentication failed during authentication due to invalid credentials with SASL mechanism SCRAM-SHA-512
[2025-09-02 13:25:59,780] WARN [RequestSendThread controllerId=0] Controller 0's connection to broker localhost:9092 (id: 0 rack: null) was unsuccessful (kafka.controller.RequestSendThread)
org.apache.kafka.common.errors.SaslAuthenticationException: Authentication failed during authentication due to invalid credentials with SASL mechanism SCRAM-SHA-512
[2025-09-02 13:26:00,200] WARN [RequestSendThread controllerId=0] Controller 0's connection to broker localhost:9092 (id: 0 rack: null) was unsuccessful (kafka.controller.RequestSendThread)
org.apache.kafka.common.errors.SaslAuthenticationException: Authentication failed during authentication due to invalid credentials with SASL mechanism SCRAM-SHA-512
[2025-09-02 13:26:00,624] WARN [RequestSendThread controllerId=0] Controller 0's connection to broker localhost:9092 (id: 0 rack: null) was unsuccessful (kafka.controller.RequestSendThread)
org.apache.kafka.common.errors.SaslAuthenticationException: Authentication failed during authentication due to invalid credentials with SASL mechanism SCRAM-SHA-512
[2025-09-02 13:26:01,048] WARN [RequestSendThread controllerId=0] Controller 0's connection to broker localhost:9092 (id: 0 rack: null) was unsuccessful (kafka.controller.RequestSendThread)
org.apache.kafka.common.errors.SaslAuthenticationException: Authentication failed during authentication due to invalid credentials with SASL mechanism SCRAM-SHA-512
[2025-09-02 13:26:01,472] WARN [RequestSendThread controllerId=0] Controller 0's connection to broker localhost:9092 (id: 0 rack: null) was unsuccessful (kafka.controller.RequestSendThread)
org.apache.kafka.common.errors.SaslAuthenticationException: Authentication failed during authentication due to invalid credentials with SASL mechanism SCRAM-SHA-512
[2025-09-02 13:26:01,893] WARN [RequestSendThread controllerId=0] Controller 0's connection to broker localhost:9092 (id: 0 rack: null) was unsuccessful (kafka.controller.RequestSendThread)
org.apache.kafka.common.errors.SaslAuthenticationException: Authentication failed during authentication due to invalid credentials with SASL mechanism SCRAM-SHA-512
[2025-09-02 13:26:02,319] WARN [RequestSendThread controllerId=0] Controller 0's connection to broker localhost:9092 (id: 0 rack: null) was unsuccessful (kafka.controller.RequestSendThread)
org.apache.kafka.common.errors.SaslAuthenticationException: Authentication failed during authentication due to invalid credentials with SASL mechanism SCRAM-SHA-512
[2025-09-02 13:26:02,743] WARN [RequestSendThread controllerId=0] Controller 0's connection to broker localhost:9092 (id: 0 rack: null) was unsuccessful (kafka.controller.RequestSendThread)
org.apache.kafka.common.errors.SaslAuthenticationException: Authentication failed during authentication due to invalid credentials with SASL mechanism SCRAM-SHA-512
[2025-09-02 13:26:03,165] WARN [RequestSendThread controllerId=0] Controller 0's connection to broker localhost:9092 (id: 0 rack: null) was unsuccessful (kafka.controller.RequestSendThread)
org.apache.kafka.common.errors.SaslAuthenticationException: Authentication failed during authentication due to invalid credentials with SASL mechanism SCRAM-SHA-512
[2025-09-02 13:26:03,587] WARN [RequestSendThread controllerId=0] Controller 0's connection to broker localhost:9092 (id: 0 rack: null) was unsuccessful (kafka.controller.RequestSendThread)
org.apache.kafka.common.errors.SaslAuthenticationException: Authentication failed during authentication due to invalid credentials with SASL mechanism SCRAM-SHA-512
[2025-09-02 13:26:04,010] WARN [RequestSendThread controllerId=0] Controller 0's connection to broker localhost:9092 (id: 0 rack: null) was unsuccessful (kafka.controller.RequestSendThread)
org.apache.kafka.common.errors.SaslAuthenticationException: Authentication failed during authentication due to invalid credentials with SASL mechanism SCRAM-SHA-512
[2025-09-02 13:26:04,436] WARN [RequestSendThread controllerId=0] Controller 0's connection to broker localhost:9092 (id: 0 rack: null) was unsuccessful (kafka.controller.RequestSendThread)
org.apache.kafka.common.errors.SaslAuthenticationException: Authentication failed during authentication due to invalid credentials with SASL mechanism SCRAM-SHA-512
[2025-09-02 13:26:04,869] WARN [RequestSendThread controllerId=0] Controller 0's connection to broker localhost:9092 (id: 0 rack: null) was unsuccessful (kafka.controller.RequestSendThread)
org.apache.kafka.common.errors.SaslAuthenticationException: Authentication failed during authentication due to invalid credentials with SASL mechanism SCRAM-SHA-512
[2025-09-02 13:26:05,297] WARN [RequestSendThread controllerId=0] Controller 0's connection to broker localhost:9092 (id: 0 rack: null) was unsuccessful (kafka.controller.RequestSendThread)
org.apache.kafka.common.errors.SaslAuthenticationException: Authentication failed during authentication due to invalid credentials with SASL mechanism SCRAM-SHA-512
[2025-09-02 13:26:05,733] WARN [RequestSendThread controllerId=0] Controller 0's connection to broker localhost:9092 (id: 0 rack: null) was unsuccessful (kafka.controller.RequestSendThread)
org.apache.kafka.common.errors.SaslAuthenticationException: Authentication failed during authentication due to invalid credentials with SASL mechanism SCRAM-SHA-512
[2025-09-02 13:26:06,156] WARN [RequestSendThread controllerId=0] Controller 0's connection to broker localhost:9092 (id: 0 rack: null) was unsuccessful (kafka.controller.RequestSendThread)
org.apache.kafka.common.errors.SaslAuthenticationException: Authentication failed during authentication due to invalid credentials with SASL mechanism SCRAM-SHA-512
[2025-09-02 13:26:06,587] WARN [RequestSendThread controllerId=0] Controller 0's connection to broker localhost:9092 (id: 0 rack: null) was unsuccessful (kafka.controller.RequestSendThread)
org.apache.kafka.common.errors.SaslAuthenticationException: Authentication failed during authentication due to invalid credentials with SASL mechanism SCRAM-SHA-512
[2025-09-02 13:26:07,012] WARN [RequestSendThread controllerId=0] Controller 0's connection to broker localhost:9092 (id: 0 rack: null) was unsuccessful (kafka.controller.RequestSendThread)
org.apache.kafka.common.errors.SaslAuthenticationException: Authentication failed during authentication due to invalid credentials with SASL mechanism SCRAM-SHA-512
[2025-09-02 13:26:07,433] WARN [RequestSendThread controllerId=0] Controller 0's connection to broker localhost:9092 (id: 0 rack: null) was unsuccessful (kafka.controller.RequestSendThread)
org.apache.kafka.common.errors.SaslAuthenticationException: Authentication failed during authentication due to invalid credentials with SASL mechanism SCRAM-SHA-512
[2025-09-02 13:26:07,854] WARN [RequestSendThread controllerId=0] Controller 0's connection to broker localhost:9092 (id: 0 rack: null) was unsuccessful (kafka.controller.RequestSendThread)
org.apache.kafka.common.errors.SaslAuthenticationException: Authentication failed during authentication due to invalid credentials with SASL mechanism SCRAM-SHA-512
[2025-09-02 13:26:08,276] WARN [RequestSendThread controllerId=0] Controller 0's connection to broker localhost:9092 (id: 0 rack: null) was unsuccessful (kafka.controller.RequestSendThread)
org.apache.kafka.common.errors.SaslAuthenticationException: Authentication failed during authentication due to invalid credentials with SASL mechanism SCRAM-SHA-512
[2025-09-02 13:26:08,698] WARN [RequestSendThread controllerId=0] Controller 0's connection to broker localhost:9092 (id: 0 rack: null) was unsuccessful (kafka.controller.RequestSendThread)
org.apache.kafka.common.errors.SaslAuthenticationException: Authentication failed during authentication due to invalid credentials with SASL mechanism SCRAM-SHA-512
[2025-09-02 13:26:09,122] WARN [RequestSendThread controllerId=0] Controller 0's connection to broker localhost:9092 (id: 0 rack: null) was unsuccessful (kafka.controller.RequestSendThread)
org.apache.kafka.common.errors.SaslAuthenticationException: Authentication failed during authentication due to invalid credentials with SASL mechanism SCRAM-SHA-512
[2025-09-02 13:26:09,549] WARN [RequestSendThread controllerId=0] Controller 0's connection to broker localhost:9092 (id: 0 rack: null) was unsuccessful (kafka.controller.RequestSendThread)
org.apache.kafka.common.errors.SaslAuthenticationException: Authentication failed during authentication due to invalid credentials with SASL mechanism SCRAM-SHA-512
[2025-09-02 13:26:09,970] WARN [RequestSendThread controllerId=0] Controller 0's connection to broker localhost:9092 (id: 0 rack: null) was unsuccessful (kafka.controller.RequestSendThread)
org.apache.kafka.common.errors.SaslAuthenticationException: Authentication failed during authentication due to invalid credentials with SASL mechanism SCRAM-SHA-512
[2025-09-02 13:26:10,390] WARN [RequestSendThread controllerId=0] Controller 0's connection to broker localhost:9092 (id: 0 rack: null) was unsuccessful (kafka.controller.RequestSendThread)
org.apache.kafka.common.errors.SaslAuthenticationException: Authentication failed during authentication due to invalid credentials with SASL mechanism SCRAM-SHA-512
[2025-09-02 13:26:10,815] WARN [RequestSendThread controllerId=0] Controller 0's connection to broker localhost:9092 (id: 0 rack: null) was unsuccessful (kafka.controller.RequestSendThread)
org.apache.kafka.common.errors.SaslAuthenticationException: Authentication failed during authentication due to invalid credentials with SASL mechanism SCRAM-SHA-512
[2025-09-02 13:26:11,241] WARN [RequestSendThread controllerId=0] Controller 0's connection to broker localhost:9092 (id: 0 rack: null) was unsuccessful (kafka.controller.RequestSendThread)
org.apache.kafka.common.errors.SaslAuthenticationException: Authentication failed during authentication due to invalid credentials with SASL mechanism SCRAM-SHA-512
[2025-09-02 13:26:11,664] WARN [RequestSendThread controllerId=0] Controller 0's connection to broker localhost:9092 (id: 0 rack: null) was unsuccessful (kafka.controller.RequestSendThread)
org.apache.kafka.common.errors.SaslAuthenticationException: Authentication failed during authentication due to invalid credentials with SASL mechanism SCRAM-SHA-512
[2025-09-02 13:26:12,088] WARN [RequestSendThread controllerId=0] Controller 0's connection to broker localhost:9092 (id: 0 rack: null) was unsuccessful (kafka.controller.RequestSendThread)
org.apache.kafka.common.errors.SaslAuthenticationException: Authentication failed during authentication due to invalid credentials with SASL mechanism SCRAM-SHA-512
[2025-09-02 13:26:12,511] WARN [RequestSendThread controllerId=0] Controller 0's connection to broker localhost:9092 (id: 0 rack: null) was unsuccessful (kafka.controller.RequestSendThread)
org.apache.kafka.common.errors.SaslAuthenticationException: Authentication failed during authentication due to invalid credentials with SASL mechanism SCRAM-SHA-512
[2025-09-02 13:26:12,946] WARN [RequestSendThread controllerId=0] Controller 0's connection to broker localhost:9092 (id: 0 rack: null) was unsuccessful (kafka.controller.RequestSendThread)
org.apache.kafka.common.errors.SaslAuthenticationException: Authentication failed during authentication due to invalid credentials with SASL mechanism SCRAM-SHA-512
[2025-09-02 13:26:13,367] WARN [RequestSendThread controllerId=0] Controller 0's connection to broker localhost:9092 (id: 0 rack: null) was unsuccessful (kafka.controller.RequestSendThread)
org.apache.kafka.common.errors.SaslAuthenticationException: Authentication failed during authentication due to invalid credentials with SASL mechanism SCRAM-SHA-512
[2025-09-02 13:26:13,789] WARN [RequestSendThread controllerId=0] Controller 0's connection to broker localhost:9092 (id: 0 rack: null) was unsuccessful (kafka.controller.RequestSendThread)
org.apache.kafka.common.errors.SaslAuthenticationException: Authentication failed during authentication due to invalid credentials with SASL mechanism SCRAM-SHA-512
[2025-09-02 13:26:14,212] WARN [RequestSendThread controllerId=0] Controller 0's connection to broker localhost:9092 (id: 0 rack: null) was unsuccessful (kafka.controller.RequestSendThread)
org.apache.kafka.common.errors.SaslAuthenticationException: Authentication failed during authentication due to invalid credentials with SASL mechanism SCRAM-SHA-512
[2025-09-02 13:26:14,633] WARN [RequestSendThread controllerId=0] Controller 0's connection to broker localhost:9092 (id: 0 rack: null) was unsuccessful (kafka.controller.RequestSendThread)
org.apache.kafka.common.errors.SaslAuthenticationException: Authentication failed during authentication due to invalid credentials with SASL mechanism SCRAM-SHA-512
[2025-09-02 13:26:15,056] WARN [RequestSendThread controllerId=0] Controller 0's connection to broker localhost:9092 (id: 0 rack: null) was unsuccessful (kafka.controller.RequestSendThread)
org.apache.kafka.common.errors.SaslAuthenticationException: Authentication failed during authentication due to invalid credentials with SASL mechanism SCRAM-SHA-512
[2025-09-02 13:26:15,478] WARN [RequestSendThread controllerId=0] Controller 0's connection to broker localhost:9092 (id: 0 rack: null) was unsuccessful (kafka.controller.RequestSendThread)
org.apache.kafka.common.errors.SaslAuthenticationException: Authentication failed during authentication due to invalid credentials with SASL mechanism SCRAM-SHA-512
[2025-09-02 13:26:15,899] WARN [RequestSendThread controllerId=0] Controller 0's connection to broker localhost:9092 (id: 0 rack: null) was unsuccessful (kafka.controller.RequestSendThread)
org.apache.kafka.common.errors.SaslAuthenticationException: Authentication failed during authentication due to invalid credentials with SASL mechanism SCRAM-SHA-512
[2025-09-02 13:26:16,324] WARN [RequestSendThread controllerId=0] Controller 0's connection to broker localhost:9092 (id: 0 rack: null) was unsuccessful (kafka.controller.RequestSendThread)
org.apache.kafka.common.errors.SaslAuthenticationException: Authentication failed during authentication due to invalid credentials with SASL mechanism SCRAM-SHA-512
[2025-09-02 13:26:16,745] WARN [RequestSendThread controllerId=0] Controller 0's connection to broker localhost:9092 (id: 0 rack: null) was unsuccessful (kafka.controller.RequestSendThread)
org.apache.kafka.common.errors.SaslAuthenticationException: Authentication failed during authentication due to invalid credentials with SASL mechanism SCRAM-SHA-512
[2025-09-02 13:26:17,167] WARN [RequestSendThread controllerId=0] Controller 0's connection to broker localhost:9092 (id: 0 rack: null) was unsuccessful (kafka.controller.RequestSendThread)
org.apache.kafka.common.errors.SaslAuthenticationException: Authentication failed during authentication due to invalid credentials with SASL mechanism SCRAM-SHA-512
[2025-09-02 13:26:17,596] WARN [RequestSendThread controllerId=0] Controller 0's connection to broker localhost:9092 (id: 0 rack: null) was unsuccessful (kafka.controller.RequestSendThread)
org.apache.kafka.common.errors.SaslAuthenticationException: Authentication failed during authentication due to invalid credentials with SASL mechanism SCRAM-SHA-512
[2025-09-02 13:26:18,018] WARN [RequestSendThread controllerId=0] Controller 0's connection to broker localhost:9092 (id: 0 rack: null) was unsuccessful (kafka.controller.RequestSendThread)
org.apache.kafka.common.errors.SaslAuthenticationException: Authentication failed during authentication due to invalid credentials with SASL mechanism SCRAM-SHA-512
[2025-09-02 13:26:18,438] WARN [RequestSendThread controllerId=0] Controller 0's connection to broker localhost:9092 (id: 0 rack: null) was unsuccessful (kafka.controller.RequestSendThread)
org.apache.kafka.common.errors.SaslAuthenticationException: Authentication failed during authentication due to invalid credentials with SASL mechanism SCRAM-SHA-512
[2025-09-02 13:26:18,861] WARN [RequestSendThread controllerId=0] Controller 0's connection to broker localhost:9092 (id: 0 rack: null) was unsuccessful (kafka.controller.RequestSendThread)
org.apache.kafka.common.errors.SaslAuthenticationException: Authentication failed during authentication due to invalid credentials with SASL mechanism SCRAM-SHA-512
[2025-09-02 13:26:19,288] WARN [RequestSendThread controllerId=0] Controller 0's connection to broker localhost:9092 (id: 0 rack: null) was unsuccessful (kafka.controller.RequestSendThread)
org.apache.kafka.common.errors.SaslAuthenticationException: Authentication failed during authentication due to invalid credentials with SASL mechanism SCRAM-SHA-512
[2025-09-02 13:26:19,709] WARN [RequestSendThread controllerId=0] Controller 0's connection to broker localhost:9092 (id: 0 rack: null) was unsuccessful (kafka.controller.RequestSendThread)
org.apache.kafka.common.errors.SaslAuthenticationException: Authentication failed during authentication due to invalid credentials with SASL mechanism SCRAM-SHA-512
[2025-09-02 13:26:20,138] WARN [RequestSendThread controllerId=0] Controller 0's connection to broker localhost:9092 (id: 0 rack: null) was unsuccessful (kafka.controller.RequestSendThread)
org.apache.kafka.common.errors.SaslAuthenticationException: Authentication failed during authentication due to invalid credentials with SASL mechanism SCRAM-SHA-512
[2025-09-02 13:26:20,558] WARN [RequestSendThread controllerId=0] Controller 0's connection to broker localhost:9092 (id: 0 rack: null) was unsuccessful (kafka.controller.RequestSendThread)
org.apache.kafka.common.errors.SaslAuthenticationException: Authentication failed during authentication due to invalid credentials with SASL mechanism SCRAM-SHA-512
[2025-09-02 13:26:20,996] WARN [RequestSendThread controllerId=0] Controller 0's connection to broker localhost:9092 (id: 0 rack: null) was unsuccessful (kafka.controller.RequestSendThread)
org.apache.kafka.common.errors.SaslAuthenticationException: Authentication failed during authentication due to invalid credentials with SASL mechanism SCRAM-SHA-512
[2025-09-02 13:26:21,419] WARN [RequestSendThread controllerId=0] Controller 0's connection to broker localhost:9092 (id: 0 rack: null) was unsuccessful (kafka.controller.RequestSendThread)
org.apache.kafka.common.errors.SaslAuthenticationException: Authentication failed during authentication due to invalid credentials with SASL mechanism SCRAM-SHA-512
[2025-09-02 13:26:21,842] WARN [RequestSendThread controllerId=0] Controller 0's connection to broker localhost:9092 (id: 0 rack: null) was unsuccessful (kafka.controller.RequestSendThread)
org.apache.kafka.common.errors.SaslAuthenticationException: Authentication failed during authentication due to invalid credentials with SASL mechanism SCRAM-SHA-512
[2025-09-02 13:26:22,263] WARN [RequestSendThread controllerId=0] Controller 0's connection to broker localhost:9092 (id: 0 rack: null) was unsuccessful (kafka.controller.RequestSendThread)
org.apache.kafka.common.errors.SaslAuthenticationException: Authentication failed during authentication due to invalid credentials with SASL mechanism SCRAM-SHA-512
[2025-09-02 13:26:22,674] WARN [RequestSendThread controllerId=0] Controller 0's connection to broker localhost:9092 (id: 0 rack: null) was unsuccessful (kafka.controller.RequestSendThread)
org.apache.kafka.common.errors.SaslAuthenticationException: Authentication failed during authentication due to invalid credentials with SASL mechanism SCRAM-SHA-512
[2025-09-02 13:26:23,091] WARN [RequestSendThread controllerId=0] Controller 0's connection to broker localhost:9092 (id: 0 rack: null) was unsuccessful (kafka.controller.RequestSendThread)
org.apache.kafka.common.errors.SaslAuthenticationException: Authentication failed during authentication due to invalid credentials with SASL mechanism SCRAM-SHA-512
[2025-09-02 13:26:23,513] WARN [RequestSendThread controllerId=0] Controller 0's connection to broker localhost:9092 (id: 0 rack: null) was unsuccessful (kafka.controller.RequestSendThread)
org.apache.kafka.common.errors.SaslAuthenticationException: Authentication failed during authentication due to invalid credentials with SASL mechanism SCRAM-SHA-512
[2025-09-02 13:26:23,935] WARN [RequestSendThread controllerId=0] Controller 0's connection to broker localhost:9092 (id: 0 rack: null) was unsuccessful (kafka.controller.RequestSendThread)
org.apache.kafka.common.errors.SaslAuthenticationException: Authentication failed during authentication due to invalid credentials with SASL mechanism SCRAM-SHA-512
[2025-09-02 13:26:24,360] WARN [RequestSendThread controllerId=0] Controller 0's connection to broker localhost:9092 (id: 0 rack: null) was unsuccessful (kafka.controller.RequestSendThread)
org.apache.kafka.common.errors.SaslAuthenticationException: Authentication failed during authentication due to invalid credentials with SASL mechanism SCRAM-SHA-512
[2025-09-02 13:26:24,781] WARN [RequestSendThread controllerId=0] Controller 0's connection to broker localhost:9092 (id: 0 rack: null) was unsuccessful (kafka.controller.RequestSendThread)
org.apache.kafka.common.errors.SaslAuthenticationException: Authentication failed during authentication due to invalid credentials with SASL mechanism SCRAM-SHA-512
[2025-09-02 13:26:25,200] WARN [RequestSendThread controllerId=0] Controller 0's connection to broker localhost:9092 (id: 0 rack: null) was unsuccessful (kafka.controller.RequestSendThread)
org.apache.kafka.common.errors.SaslAuthenticationException: Authentication failed during authentication due to invalid credentials with SASL mechanism SCRAM-SHA-512
[2025-09-02 13:26:25,628] WARN [RequestSendThread controllerId=0] Controller 0's connection to broker localhost:9092 (id: 0 rack: null) was unsuccessful (kafka.controller.RequestSendThread)
org.apache.kafka.common.errors.SaslAuthenticationException: Authentication failed during authentication due to invalid credentials with SASL mechanism SCRAM-SHA-512
[2025-09-02 13:26:26,054] WARN [RequestSendThread controllerId=0] Controller 0's connection to broker localhost:9092 (id: 0 rack: null) was unsuccessful (kafka.controller.RequestSendThread)
org.apache.kafka.common.errors.SaslAuthenticationException: Authentication failed during authentication due to invalid credentials with SASL mechanism SCRAM-SHA-512
[2025-09-02 13:26:26,478] WARN [RequestSendThread controllerId=0] Controller 0's connection to broker localhost:9092 (id: 0 rack: null) was unsuccessful (kafka.controller.RequestSendThread)
org.apache.kafka.common.errors.SaslAuthenticationException: Authentication failed during authentication due to invalid credentials with SASL mechanism SCRAM-SHA-512
[2025-09-02 13:26:26,901] WARN [RequestSendThread controllerId=0] Controller 0's connection to broker localhost:9092 (id: 0 rack: null) was unsuccessful (kafka.controller.RequestSendThread)
org.apache.kafka.common.errors.SaslAuthenticationException: Authentication failed during authentication due to invalid credentials with SASL mechanism SCRAM-SHA-512
[2025-09-02 13:26:27,324] WARN [RequestSendThread controllerId=0] Controller 0's connection to broker localhost:9092 (id: 0 rack: null) was unsuccessful (kafka.controller.RequestSendThread)
org.apache.kafka.common.errors.SaslAuthenticationException: Authentication failed during authentication due to invalid credentials with SASL mechanism SCRAM-SHA-512
[2025-09-02 13:29:24,466] INFO [ControllerEventThread controllerId=0] Starting (kafka.controller.ControllerEventManager$ControllerEventThread)
[2025-09-02 13:29:24,494] INFO [Controller id=0] 0 successfully elected as the controller. Epoch incremented to 3 and epoch zk version is now 3 (kafka.controller.KafkaController)
[2025-09-02 13:29:24,497] INFO [Controller id=0] Registering handlers (kafka.controller.KafkaController)
[2025-09-02 13:29:24,503] INFO [Controller id=0] Deleting log dir event notifications (kafka.controller.KafkaController)
[2025-09-02 13:29:24,507] INFO [Controller id=0] Deleting isr change notifications (kafka.controller.KafkaController)
[2025-09-02 13:29:24,511] INFO [Controller id=0] Initializing controller context (kafka.controller.KafkaController)
[2025-09-02 13:29:24,525] INFO [Controller id=0] Initialized broker epochs cache: Map(0 -> 109) (kafka.controller.KafkaController)
[2025-09-02 13:29:24,538] DEBUG [Controller id=0] Register BrokerModifications handler for Set(0) (kafka.controller.KafkaController)
[2025-09-02 13:29:24,550] DEBUG [Channel manager on controller 0]: Controller 0 trying to connect to broker 0 (kafka.controller.ControllerChannelManager)
[2025-09-02 13:29:24,571] INFO [RequestSendThread controllerId=0] Starting (kafka.controller.RequestSendThread)
[2025-09-02 13:29:24,571] INFO [Controller id=0] Currently active brokers in the cluster: Set(0) (kafka.controller.KafkaController)
[2025-09-02 13:29:24,572] INFO [Controller id=0] Currently shutting brokers in the cluster: Set() (kafka.controller.KafkaController)
[2025-09-02 13:29:24,572] INFO [Controller id=0] Current list of topics in the cluster: Set() (kafka.controller.KafkaController)
[2025-09-02 13:29:24,573] INFO [Controller id=0] Fetching topic deletions in progress (kafka.controller.KafkaController)
[2025-09-02 13:29:24,576] INFO [Controller id=0] List of topics to be deleted:  (kafka.controller.KafkaController)
[2025-09-02 13:29:24,577] INFO [Controller id=0] List of topics ineligible for deletion:  (kafka.controller.KafkaController)
[2025-09-02 13:29:24,577] INFO [Controller id=0] Initializing topic deletion manager (kafka.controller.KafkaController)
[2025-09-02 13:29:24,577] INFO [Topic Deletion Manager 0] Initializing manager with initial deletions: Set(), initial ineligible deletions: Set() (kafka.controller.TopicDeletionManager)
[2025-09-02 13:29:24,578] INFO [Controller id=0] Sending update metadata request (kafka.controller.KafkaController)
[2025-09-02 13:29:24,595] INFO [ReplicaStateMachine controllerId=0] Initializing replica state (kafka.controller.ZkReplicaStateMachine)
[2025-09-02 13:29:24,595] INFO [ReplicaStateMachine controllerId=0] Triggering online replica state changes (kafka.controller.ZkReplicaStateMachine)
[2025-09-02 13:29:24,598] INFO [ReplicaStateMachine controllerId=0] Triggering offline replica state changes (kafka.controller.ZkReplicaStateMachine)
[2025-09-02 13:29:24,599] DEBUG [ReplicaStateMachine controllerId=0] Started replica state machine with initial state -> Map() (kafka.controller.ZkReplicaStateMachine)
[2025-09-02 13:29:24,599] INFO [PartitionStateMachine controllerId=0] Initializing partition state (kafka.controller.ZkPartitionStateMachine)
[2025-09-02 13:29:24,600] INFO [PartitionStateMachine controllerId=0] Triggering online partition state changes (kafka.controller.ZkPartitionStateMachine)
[2025-09-02 13:29:24,606] DEBUG [PartitionStateMachine controllerId=0] Started partition state machine with initial state -> Map() (kafka.controller.ZkPartitionStateMachine)
[2025-09-02 13:29:24,607] INFO [Controller id=0] Ready to serve as the new controller with epoch 3 (kafka.controller.KafkaController)
[2025-09-02 13:29:24,615] INFO [Controller id=0] Partitions undergoing preferred replica election:  (kafka.controller.KafkaController)
[2025-09-02 13:29:24,615] INFO [Controller id=0] Partitions that completed preferred replica election:  (kafka.controller.KafkaController)
[2025-09-02 13:29:24,616] INFO [Controller id=0] Skipping preferred replica election for partitions due to topic deletion:  (kafka.controller.KafkaController)
[2025-09-02 13:29:24,616] INFO [Controller id=0] Resuming preferred replica election for partitions:  (kafka.controller.KafkaController)
[2025-09-02 13:29:24,617] INFO [Controller id=0] Starting replica leader election (PREFERRED) for partitions  triggered by ZkTriggered (kafka.controller.KafkaController)
[2025-09-02 13:29:24,624] WARN [RequestSendThread controllerId=0] Controller 0's connection to broker localhost:9092 (id: 0 rack: null) was unsuccessful (kafka.controller.RequestSendThread)
java.io.IOException: Connection to localhost:9092 (id: 0 rack: null) failed.
	at org.apache.kafka.clients.NetworkClientUtils.awaitReady(NetworkClientUtils.java:71)
	at kafka.controller.RequestSendThread.brokerReady(ControllerChannelManager.scala:299)
	at kafka.controller.RequestSendThread.doWork(ControllerChannelManager.scala:252)
	at org.apache.kafka.server.util.ShutdownableThread.run(ShutdownableThread.java:136)
[2025-09-02 13:29:24,630] INFO [Controller id=0] Starting the controller scheduler (kafka.controller.KafkaController)
[2025-09-02 13:29:24,730] WARN [RequestSendThread controllerId=0] Controller 0's connection to broker localhost:9092 (id: 0 rack: null) was unsuccessful (kafka.controller.RequestSendThread)
java.io.IOException: Connection to localhost:9092 (id: 0 rack: null) failed.
	at org.apache.kafka.clients.NetworkClientUtils.awaitReady(NetworkClientUtils.java:71)
	at kafka.controller.RequestSendThread.brokerReady(ControllerChannelManager.scala:299)
	at kafka.controller.RequestSendThread.doWork(ControllerChannelManager.scala:252)
	at org.apache.kafka.server.util.ShutdownableThread.run(ShutdownableThread.java:136)
[2025-09-02 13:29:25,270] WARN [RequestSendThread controllerId=0] Controller 0's connection to broker localhost:9092 (id: 0 rack: null) was unsuccessful (kafka.controller.RequestSendThread)
org.apache.kafka.common.errors.SaslAuthenticationException: Authentication failed during authentication due to invalid credentials with SASL mechanism SCRAM-SHA-512
[2025-09-02 13:29:25,702] WARN [RequestSendThread controllerId=0] Controller 0's connection to broker localhost:9092 (id: 0 rack: null) was unsuccessful (kafka.controller.RequestSendThread)
org.apache.kafka.common.errors.SaslAuthenticationException: Authentication failed during authentication due to invalid credentials with SASL mechanism SCRAM-SHA-512
[2025-09-02 13:29:26,142] WARN [RequestSendThread controllerId=0] Controller 0's connection to broker localhost:9092 (id: 0 rack: null) was unsuccessful (kafka.controller.RequestSendThread)
org.apache.kafka.common.errors.SaslAuthenticationException: Authentication failed during authentication due to invalid credentials with SASL mechanism SCRAM-SHA-512
[2025-09-02 13:29:26,569] WARN [RequestSendThread controllerId=0] Controller 0's connection to broker localhost:9092 (id: 0 rack: null) was unsuccessful (kafka.controller.RequestSendThread)
org.apache.kafka.common.errors.SaslAuthenticationException: Authentication failed during authentication due to invalid credentials with SASL mechanism SCRAM-SHA-512
[2025-09-02 13:29:27,006] WARN [RequestSendThread controllerId=0] Controller 0's connection to broker localhost:9092 (id: 0 rack: null) was unsuccessful (kafka.controller.RequestSendThread)
org.apache.kafka.common.errors.SaslAuthenticationException: Authentication failed during authentication due to invalid credentials with SASL mechanism SCRAM-SHA-512
[2025-09-02 13:29:27,440] WARN [RequestSendThread controllerId=0] Controller 0's connection to broker localhost:9092 (id: 0 rack: null) was unsuccessful (kafka.controller.RequestSendThread)
org.apache.kafka.common.errors.SaslAuthenticationException: Authentication failed during authentication due to invalid credentials with SASL mechanism SCRAM-SHA-512
[2025-09-02 13:29:27,869] WARN [RequestSendThread controllerId=0] Controller 0's connection to broker localhost:9092 (id: 0 rack: null) was unsuccessful (kafka.controller.RequestSendThread)
org.apache.kafka.common.errors.SaslAuthenticationException: Authentication failed during authentication due to invalid credentials with SASL mechanism SCRAM-SHA-512
[2025-09-02 13:29:28,309] WARN [RequestSendThread controllerId=0] Controller 0's connection to broker localhost:9092 (id: 0 rack: null) was unsuccessful (kafka.controller.RequestSendThread)
org.apache.kafka.common.errors.SaslAuthenticationException: Authentication failed during authentication due to invalid credentials with SASL mechanism SCRAM-SHA-512
[2025-09-02 13:29:28,742] WARN [RequestSendThread controllerId=0] Controller 0's connection to broker localhost:9092 (id: 0 rack: null) was unsuccessful (kafka.controller.RequestSendThread)
org.apache.kafka.common.errors.SaslAuthenticationException: Authentication failed during authentication due to invalid credentials with SASL mechanism SCRAM-SHA-512
[2025-09-02 13:29:29,170] WARN [RequestSendThread controllerId=0] Controller 0's connection to broker localhost:9092 (id: 0 rack: null) was unsuccessful (kafka.controller.RequestSendThread)
org.apache.kafka.common.errors.SaslAuthenticationException: Authentication failed during authentication due to invalid credentials with SASL mechanism SCRAM-SHA-512
[2025-09-02 13:29:29,596] WARN [RequestSendThread controllerId=0] Controller 0's connection to broker localhost:9092 (id: 0 rack: null) was unsuccessful (kafka.controller.RequestSendThread)
org.apache.kafka.common.errors.SaslAuthenticationException: Authentication failed during authentication due to invalid credentials with SASL mechanism SCRAM-SHA-512
[2025-09-02 13:29:29,642] INFO [Controller id=0] Processing automatic preferred replica leader election (kafka.controller.KafkaController)
[2025-09-02 13:29:29,642] TRACE [Controller id=0] Checking need to trigger auto leader balancing (kafka.controller.KafkaController)
[2025-09-02 13:29:30,047] WARN [RequestSendThread controllerId=0] Controller 0's connection to broker localhost:9092 (id: 0 rack: null) was unsuccessful (kafka.controller.RequestSendThread)
org.apache.kafka.common.errors.SaslAuthenticationException: Authentication failed during authentication due to invalid credentials with SASL mechanism SCRAM-SHA-512
[2025-09-02 13:29:30,485] WARN [RequestSendThread controllerId=0] Controller 0's connection to broker localhost:9092 (id: 0 rack: null) was unsuccessful (kafka.controller.RequestSendThread)
org.apache.kafka.common.errors.SaslAuthenticationException: Authentication failed during authentication due to invalid credentials with SASL mechanism SCRAM-SHA-512
[2025-09-02 13:29:30,921] WARN [RequestSendThread controllerId=0] Controller 0's connection to broker localhost:9092 (id: 0 rack: null) was unsuccessful (kafka.controller.RequestSendThread)
org.apache.kafka.common.errors.SaslAuthenticationException: Authentication failed during authentication due to invalid credentials with SASL mechanism SCRAM-SHA-512
[2025-09-02 13:29:31,333] WARN [RequestSendThread controllerId=0] Controller 0's connection to broker localhost:9092 (id: 0 rack: null) was unsuccessful (kafka.controller.RequestSendThread)
org.apache.kafka.common.errors.SaslAuthenticationException: Authentication failed during authentication due to invalid credentials with SASL mechanism SCRAM-SHA-512
[2025-09-02 13:29:31,765] WARN [RequestSendThread controllerId=0] Controller 0's connection to broker localhost:9092 (id: 0 rack: null) was unsuccessful (kafka.controller.RequestSendThread)
org.apache.kafka.common.errors.SaslAuthenticationException: Authentication failed during authentication due to invalid credentials with SASL mechanism SCRAM-SHA-512
[2025-09-02 13:29:32,190] WARN [RequestSendThread controllerId=0] Controller 0's connection to broker localhost:9092 (id: 0 rack: null) was unsuccessful (kafka.controller.RequestSendThread)
org.apache.kafka.common.errors.SaslAuthenticationException: Authentication failed during authentication due to invalid credentials with SASL mechanism SCRAM-SHA-512
[2025-09-02 13:29:32,628] WARN [RequestSendThread controllerId=0] Controller 0's connection to broker localhost:9092 (id: 0 rack: null) was unsuccessful (kafka.controller.RequestSendThread)
org.apache.kafka.common.errors.SaslAuthenticationException: Authentication failed during authentication due to invalid credentials with SASL mechanism SCRAM-SHA-512
[2025-09-02 13:29:33,050] WARN [RequestSendThread controllerId=0] Controller 0's connection to broker localhost:9092 (id: 0 rack: null) was unsuccessful (kafka.controller.RequestSendThread)
org.apache.kafka.common.errors.SaslAuthenticationException: Authentication failed during authentication due to invalid credentials with SASL mechanism SCRAM-SHA-512
[2025-09-02 13:29:33,467] WARN [RequestSendThread controllerId=0] Controller 0's connection to broker localhost:9092 (id: 0 rack: null) was unsuccessful (kafka.controller.RequestSendThread)
org.apache.kafka.common.errors.SaslAuthenticationException: Authentication failed during authentication due to invalid credentials with SASL mechanism SCRAM-SHA-512
[2025-09-02 13:29:33,881] WARN [RequestSendThread controllerId=0] Controller 0's connection to broker localhost:9092 (id: 0 rack: null) was unsuccessful (kafka.controller.RequestSendThread)
org.apache.kafka.common.errors.SaslAuthenticationException: Authentication failed during authentication due to invalid credentials with SASL mechanism SCRAM-SHA-512
[2025-09-02 13:29:34,303] WARN [RequestSendThread controllerId=0] Controller 0's connection to broker localhost:9092 (id: 0 rack: null) was unsuccessful (kafka.controller.RequestSendThread)
org.apache.kafka.common.errors.SaslAuthenticationException: Authentication failed during authentication due to invalid credentials with SASL mechanism SCRAM-SHA-512
[2025-09-02 13:29:34,727] WARN [RequestSendThread controllerId=0] Controller 0's connection to broker localhost:9092 (id: 0 rack: null) was unsuccessful (kafka.controller.RequestSendThread)
org.apache.kafka.common.errors.SaslAuthenticationException: Authentication failed during authentication due to invalid credentials with SASL mechanism SCRAM-SHA-512
[2025-09-02 13:29:35,163] WARN [RequestSendThread controllerId=0] Controller 0's connection to broker localhost:9092 (id: 0 rack: null) was unsuccessful (kafka.controller.RequestSendThread)
org.apache.kafka.common.errors.SaslAuthenticationException: Authentication failed during authentication due to invalid credentials with SASL mechanism SCRAM-SHA-512
[2025-09-02 13:29:35,597] WARN [RequestSendThread controllerId=0] Controller 0's connection to broker localhost:9092 (id: 0 rack: null) was unsuccessful (kafka.controller.RequestSendThread)
org.apache.kafka.common.errors.SaslAuthenticationException: Authentication failed during authentication due to invalid credentials with SASL mechanism SCRAM-SHA-512
[2025-09-02 13:29:36,022] WARN [RequestSendThread controllerId=0] Controller 0's connection to broker localhost:9092 (id: 0 rack: null) was unsuccessful (kafka.controller.RequestSendThread)
org.apache.kafka.common.errors.SaslAuthenticationException: Authentication failed during authentication due to invalid credentials with SASL mechanism SCRAM-SHA-512
[2025-09-02 13:31:20,147] INFO [ControllerEventThread controllerId=0] Starting (kafka.controller.ControllerEventManager$ControllerEventThread)
[2025-09-02 13:31:20,176] INFO [Controller id=0] 0 successfully elected as the controller. Epoch incremented to 4 and epoch zk version is now 4 (kafka.controller.KafkaController)
[2025-09-02 13:31:20,179] INFO [Controller id=0] Registering handlers (kafka.controller.KafkaController)
[2025-09-02 13:31:20,184] INFO [Controller id=0] Deleting log dir event notifications (kafka.controller.KafkaController)
[2025-09-02 13:31:20,189] INFO [Controller id=0] Deleting isr change notifications (kafka.controller.KafkaController)
[2025-09-02 13:31:20,192] INFO [Controller id=0] Initializing controller context (kafka.controller.KafkaController)
[2025-09-02 13:31:20,209] INFO [Controller id=0] Initialized broker epochs cache: Map(0 -> 152) (kafka.controller.KafkaController)
[2025-09-02 13:31:20,219] DEBUG [Controller id=0] Register BrokerModifications handler for Set(0) (kafka.controller.KafkaController)
[2025-09-02 13:31:20,229] DEBUG [Channel manager on controller 0]: Controller 0 trying to connect to broker 0 (kafka.controller.ControllerChannelManager)
[2025-09-02 13:31:20,251] INFO [RequestSendThread controllerId=0] Starting (kafka.controller.RequestSendThread)
[2025-09-02 13:31:20,251] INFO [Controller id=0] Currently active brokers in the cluster: Set(0) (kafka.controller.KafkaController)
[2025-09-02 13:31:20,252] INFO [Controller id=0] Currently shutting brokers in the cluster: Set() (kafka.controller.KafkaController)
[2025-09-02 13:31:20,252] INFO [Controller id=0] Current list of topics in the cluster: Set() (kafka.controller.KafkaController)
[2025-09-02 13:31:20,252] INFO [Controller id=0] Fetching topic deletions in progress (kafka.controller.KafkaController)
[2025-09-02 13:31:20,257] INFO [Controller id=0] List of topics to be deleted:  (kafka.controller.KafkaController)
[2025-09-02 13:31:20,257] INFO [Controller id=0] List of topics ineligible for deletion:  (kafka.controller.KafkaController)
[2025-09-02 13:31:20,257] INFO [Controller id=0] Initializing topic deletion manager (kafka.controller.KafkaController)
[2025-09-02 13:31:20,258] INFO [Topic Deletion Manager 0] Initializing manager with initial deletions: Set(), initial ineligible deletions: Set() (kafka.controller.TopicDeletionManager)
[2025-09-02 13:31:20,259] INFO [Controller id=0] Sending update metadata request (kafka.controller.KafkaController)
[2025-09-02 13:31:20,277] INFO [ReplicaStateMachine controllerId=0] Initializing replica state (kafka.controller.ZkReplicaStateMachine)
[2025-09-02 13:31:20,278] INFO [ReplicaStateMachine controllerId=0] Triggering online replica state changes (kafka.controller.ZkReplicaStateMachine)
[2025-09-02 13:31:20,281] INFO [ReplicaStateMachine controllerId=0] Triggering offline replica state changes (kafka.controller.ZkReplicaStateMachine)
[2025-09-02 13:31:20,282] DEBUG [ReplicaStateMachine controllerId=0] Started replica state machine with initial state -> Map() (kafka.controller.ZkReplicaStateMachine)
[2025-09-02 13:31:20,283] INFO [PartitionStateMachine controllerId=0] Initializing partition state (kafka.controller.ZkPartitionStateMachine)
[2025-09-02 13:31:20,283] INFO [PartitionStateMachine controllerId=0] Triggering online partition state changes (kafka.controller.ZkPartitionStateMachine)
[2025-09-02 13:31:20,287] DEBUG [PartitionStateMachine controllerId=0] Started partition state machine with initial state -> Map() (kafka.controller.ZkPartitionStateMachine)
[2025-09-02 13:31:20,287] INFO [Controller id=0] Ready to serve as the new controller with epoch 4 (kafka.controller.KafkaController)
[2025-09-02 13:31:20,296] INFO [Controller id=0] Partitions undergoing preferred replica election:  (kafka.controller.KafkaController)
[2025-09-02 13:31:20,296] INFO [Controller id=0] Partitions that completed preferred replica election:  (kafka.controller.KafkaController)
[2025-09-02 13:31:20,296] INFO [Controller id=0] Skipping preferred replica election for partitions due to topic deletion:  (kafka.controller.KafkaController)
[2025-09-02 13:31:20,297] INFO [Controller id=0] Resuming preferred replica election for partitions:  (kafka.controller.KafkaController)
[2025-09-02 13:31:20,298] INFO [Controller id=0] Starting replica leader election (PREFERRED) for partitions  triggered by ZkTriggered (kafka.controller.KafkaController)
[2025-09-02 13:31:20,301] WARN [RequestSendThread controllerId=0] Controller 0's connection to broker localhost:9092 (id: 0 rack: null) was unsuccessful (kafka.controller.RequestSendThread)
java.io.IOException: Connection to localhost:9092 (id: 0 rack: null) failed.
	at org.apache.kafka.clients.NetworkClientUtils.awaitReady(NetworkClientUtils.java:71)
	at kafka.controller.RequestSendThread.brokerReady(ControllerChannelManager.scala:299)
	at kafka.controller.RequestSendThread.doWork(ControllerChannelManager.scala:252)
	at org.apache.kafka.server.util.ShutdownableThread.run(ShutdownableThread.java:136)
[2025-09-02 13:31:20,310] INFO [Controller id=0] Starting the controller scheduler (kafka.controller.KafkaController)
[2025-09-02 13:31:20,412] WARN [RequestSendThread controllerId=0] Controller 0's connection to broker localhost:9092 (id: 0 rack: null) was unsuccessful (kafka.controller.RequestSendThread)
java.io.IOException: Connection to localhost:9092 (id: 0 rack: null) failed.
	at org.apache.kafka.clients.NetworkClientUtils.awaitReady(NetworkClientUtils.java:71)
	at kafka.controller.RequestSendThread.brokerReady(ControllerChannelManager.scala:299)
	at kafka.controller.RequestSendThread.doWork(ControllerChannelManager.scala:252)
	at org.apache.kafka.server.util.ShutdownableThread.run(ShutdownableThread.java:136)
[2025-09-02 13:31:20,675] INFO [RequestSendThread controllerId=0] Controller 0 connected to localhost:9092 (id: 0 rack: null) for sending state change requests (kafka.controller.RequestSendThread)
[2025-09-02 13:31:25,324] INFO [Controller id=0] Processing automatic preferred replica leader election (kafka.controller.KafkaController)
[2025-09-02 13:31:25,325] TRACE [Controller id=0] Checking need to trigger auto leader balancing (kafka.controller.KafkaController)
[2025-09-02 13:33:43,055] INFO [Controller id=0] New topics: [Set(topic_resim)], deleted topics: [Set()], new partition replica assignment [Set(TopicIdReplicaAssignment(topic_resim,Some(rVtl75aPQI6XleXlQO-9zA),Map(topic_resim-0 -> ReplicaAssignment(replicas=0, addingReplicas=, removingReplicas=))))] (kafka.controller.KafkaController)
[2025-09-02 13:33:43,056] INFO [Controller id=0] New partition creation callback for topic_resim-0 (kafka.controller.KafkaController)
[2025-09-02 13:36:25,334] INFO [Controller id=0] Processing automatic preferred replica leader election (kafka.controller.KafkaController)
[2025-09-02 13:36:25,334] TRACE [Controller id=0] Checking need to trigger auto leader balancing (kafka.controller.KafkaController)
[2025-09-02 13:36:25,335] DEBUG [Controller id=0] Topics not in preferred replica for broker 0 Map() (kafka.controller.KafkaController)
[2025-09-02 13:36:25,336] TRACE [Controller id=0] Leader imbalance ratio for broker 0 is 0.0 (kafka.controller.KafkaController)
[2025-09-02 13:41:25,344] INFO [Controller id=0] Processing automatic preferred replica leader election (kafka.controller.KafkaController)
[2025-09-02 13:41:25,344] TRACE [Controller id=0] Checking need to trigger auto leader balancing (kafka.controller.KafkaController)
[2025-09-02 13:41:25,344] DEBUG [Controller id=0] Topics not in preferred replica for broker 0 Map() (kafka.controller.KafkaController)
[2025-09-02 13:41:25,344] TRACE [Controller id=0] Leader imbalance ratio for broker 0 is 0.0 (kafka.controller.KafkaController)
[2025-09-02 13:46:25,348] INFO [Controller id=0] Processing automatic preferred replica leader election (kafka.controller.KafkaController)
[2025-09-02 13:46:25,348] TRACE [Controller id=0] Checking need to trigger auto leader balancing (kafka.controller.KafkaController)
[2025-09-02 13:46:25,348] DEBUG [Controller id=0] Topics not in preferred replica for broker 0 Map() (kafka.controller.KafkaController)
[2025-09-02 13:46:25,348] TRACE [Controller id=0] Leader imbalance ratio for broker 0 is 0.0 (kafka.controller.KafkaController)
[2025-09-02 13:48:48,854] DEBUG [Controller id=0] There is no producerId block yet (Zk path version 0), creating the first block (kafka.controller.KafkaController)
[2025-09-02 13:48:48,864] INFO [Controller id=0] Acquired new producerId block ProducerIdsBlock(assignedBrokerId=0, firstProducerId=0, size=1000) by writing to Zk with path version 1 (kafka.controller.KafkaController)
[2025-09-02 13:49:10,779] INFO [Controller id=0] New topics: [Set(__consumer_offsets)], deleted topics: [Set()], new partition replica assignment [Set(TopicIdReplicaAssignment(__consumer_offsets,Some(fOCpCoTrRgmgrhxrzhOlHw),Map(__consumer_offsets-22 -> ReplicaAssignment(replicas=0, addingReplicas=, removingReplicas=), __consumer_offsets-30 -> ReplicaAssignment(replicas=0, addingReplicas=, removingReplicas=), __consumer_offsets-8 -> ReplicaAssignment(replicas=0, addingReplicas=, removingReplicas=), __consumer_offsets-21 -> ReplicaAssignment(replicas=0, addingReplicas=, removingReplicas=), __consumer_offsets-4 -> ReplicaAssignment(replicas=0, addingReplicas=, removingReplicas=), __consumer_offsets-27 -> ReplicaAssignment(replicas=0, addingReplicas=, removingReplicas=), __consumer_offsets-7 -> ReplicaAssignment(replicas=0, addingReplicas=, removingReplicas=), __consumer_offsets-9 -> ReplicaAssignment(replicas=0, addingReplicas=, removingReplicas=), __consumer_offsets-46 -> ReplicaAssignment(replicas=0, addingReplicas=, removingReplicas=), __consumer_offsets-25 -> ReplicaAssignment(replicas=0, addingReplicas=, removingReplicas=), __consumer_offsets-35 -> ReplicaAssignment(replicas=0, addingReplicas=, removingReplicas=), __consumer_offsets-41 -> ReplicaAssignment(replicas=0, addingReplicas=, removingReplicas=), __consumer_offsets-33 -> ReplicaAssignment(replicas=0, addingReplicas=, removingReplicas=), __consumer_offsets-23 -> ReplicaAssignment(replicas=0, addingReplicas=, removingReplicas=), __consumer_offsets-49 -> ReplicaAssignment(replicas=0, addingReplicas=, removingReplicas=), __consumer_offsets-47 -> ReplicaAssignment(replicas=0, addingReplicas=, removingReplicas=), __consumer_offsets-16 -> ReplicaAssignment(replicas=0, addingReplicas=, removingReplicas=), __consumer_offsets-28 -> ReplicaAssignment(replicas=0, addingReplicas=, removingReplicas=), __consumer_offsets-31 -> ReplicaAssignment(replicas=0, addingReplicas=, removingReplicas=), __consumer_offsets-36 -> ReplicaAssignment(replicas=0, addingReplicas=, removingReplicas=), __consumer_offsets-42 -> ReplicaAssignment(replicas=0, addingReplicas=, removingReplicas=), __consumer_offsets-3 -> ReplicaAssignment(replicas=0, addingReplicas=, removingReplicas=), __consumer_offsets-18 -> ReplicaAssignment(replicas=0, addingReplicas=, removingReplicas=), __consumer_offsets-37 -> ReplicaAssignment(replicas=0, addingReplicas=, removingReplicas=), __consumer_offsets-15 -> ReplicaAssignment(replicas=0, addingReplicas=, removingReplicas=), __consumer_offsets-24 -> ReplicaAssignment(replicas=0, addingReplicas=, removingReplicas=), __consumer_offsets-38 -> ReplicaAssignment(replicas=0, addingReplicas=, removingReplicas=), __consumer_offsets-17 -> ReplicaAssignment(replicas=0, addingReplicas=, removingReplicas=), __consumer_offsets-48 -> ReplicaAssignment(replicas=0, addingReplicas=, removingReplicas=), __consumer_offsets-19 -> ReplicaAssignment(replicas=0, addingReplicas=, removingReplicas=), __consumer_offsets-11 -> ReplicaAssignment(replicas=0, addingReplicas=, removingReplicas=), __consumer_offsets-13 -> ReplicaAssignment(replicas=0, addingReplicas=, removingReplicas=), __consumer_offsets-2 -> ReplicaAssignment(replicas=0, addingReplicas=, removingReplicas=), __consumer_offsets-43 -> ReplicaAssignment(replicas=0, addingReplicas=, removingReplicas=), __consumer_offsets-6 -> ReplicaAssignment(replicas=0, addingReplicas=, removingReplicas=), __consumer_offsets-14 -> ReplicaAssignment(replicas=0, addingReplicas=, removingReplicas=), __consumer_offsets-20 -> ReplicaAssignment(replicas=0, addingReplicas=, removingReplicas=), __consumer_offsets-0 -> ReplicaAssignment(replicas=0, addingReplicas=, removingReplicas=), __consumer_offsets-44 -> ReplicaAssignment(replicas=0, addingReplicas=, removingReplicas=), __consumer_offsets-39 -> ReplicaAssignment(replicas=0, addingReplicas=, removingReplicas=), __consumer_offsets-12 -> ReplicaAssignment(replicas=0, addingReplicas=, removingReplicas=), __consumer_offsets-45 -> ReplicaAssignment(replicas=0, addingReplicas=, removingReplicas=), __consumer_offsets-1 -> ReplicaAssignment(replicas=0, addingReplicas=, removingReplicas=), __consumer_offsets-5 -> ReplicaAssignment(replicas=0, addingReplicas=, removingReplicas=), __consumer_offsets-26 -> ReplicaAssignment(replicas=0, addingReplicas=, removingReplicas=), __consumer_offsets-29 -> ReplicaAssignment(replicas=0, addingReplicas=, removingReplicas=), __consumer_offsets-34 -> ReplicaAssignment(replicas=0, addingReplicas=, removingReplicas=), __consumer_offsets-10 -> ReplicaAssignment(replicas=0, addingReplicas=, removingReplicas=), __consumer_offsets-32 -> ReplicaAssignment(replicas=0, addingReplicas=, removingReplicas=), __consumer_offsets-40 -> ReplicaAssignment(replicas=0, addingReplicas=, removingReplicas=))))] (kafka.controller.KafkaController)
[2025-09-02 13:49:10,781] INFO [Controller id=0] New partition creation callback for __consumer_offsets-22,__consumer_offsets-30,__consumer_offsets-8,__consumer_offsets-21,__consumer_offsets-4,__consumer_offsets-27,__consumer_offsets-7,__consumer_offsets-9,__consumer_offsets-46,__consumer_offsets-25,__consumer_offsets-35,__consumer_offsets-41,__consumer_offsets-33,__consumer_offsets-23,__consumer_offsets-49,__consumer_offsets-47,__consumer_offsets-16,__consumer_offsets-28,__consumer_offsets-31,__consumer_offsets-36,__consumer_offsets-42,__consumer_offsets-3,__consumer_offsets-18,__consumer_offsets-37,__consumer_offsets-15,__consumer_offsets-24,__consumer_offsets-38,__consumer_offsets-17,__consumer_offsets-48,__consumer_offsets-19,__consumer_offsets-11,__consumer_offsets-13,__consumer_offsets-2,__consumer_offsets-43,__consumer_offsets-6,__consumer_offsets-14,__consumer_offsets-20,__consumer_offsets-0,__consumer_offsets-44,__consumer_offsets-39,__consumer_offsets-12,__consumer_offsets-45,__consumer_offsets-1,__consumer_offsets-5,__consumer_offsets-26,__consumer_offsets-29,__consumer_offsets-34,__consumer_offsets-10,__consumer_offsets-32,__consumer_offsets-40 (kafka.controller.KafkaController)
[2025-09-02 13:49:10,858] INFO [RequestSendThread controllerId=0] Controller 0 connected to localhost:9092 (id: 0 rack: null) for sending state change requests (kafka.controller.RequestSendThread)
[2025-09-02 13:51:25,359] INFO [Controller id=0] Processing automatic preferred replica leader election (kafka.controller.KafkaController)
[2025-09-02 13:51:25,359] TRACE [Controller id=0] Checking need to trigger auto leader balancing (kafka.controller.KafkaController)
[2025-09-02 13:51:25,360] DEBUG [Controller id=0] Topics not in preferred replica for broker 0 Map() (kafka.controller.KafkaController)
[2025-09-02 13:51:25,360] TRACE [Controller id=0] Leader imbalance ratio for broker 0 is 0.0 (kafka.controller.KafkaController)
[2025-09-02 13:56:25,369] INFO [Controller id=0] Processing automatic preferred replica leader election (kafka.controller.KafkaController)
[2025-09-02 13:56:25,369] TRACE [Controller id=0] Checking need to trigger auto leader balancing (kafka.controller.KafkaController)
[2025-09-02 13:56:25,370] DEBUG [Controller id=0] Topics not in preferred replica for broker 0 Map() (kafka.controller.KafkaController)
[2025-09-02 13:56:25,370] TRACE [Controller id=0] Leader imbalance ratio for broker 0 is 0.0 (kafka.controller.KafkaController)
[2025-09-02 14:01:25,384] INFO [Controller id=0] Processing automatic preferred replica leader election (kafka.controller.KafkaController)
[2025-09-02 14:01:25,385] TRACE [Controller id=0] Checking need to trigger auto leader balancing (kafka.controller.KafkaController)
[2025-09-02 14:01:25,386] DEBUG [Controller id=0] Topics not in preferred replica for broker 0 Map() (kafka.controller.KafkaController)
[2025-09-02 14:01:25,386] TRACE [Controller id=0] Leader imbalance ratio for broker 0 is 0.0 (kafka.controller.KafkaController)
[2025-09-02 14:20:37,811] ERROR [Controller id=0] Error processing event Reelect (kafka.controller.KafkaController)
org.apache.zookeeper.KeeperException$SessionExpiredException: KeeperErrorCode = Session expired for /controller
	at org.apache.zookeeper.KeeperException.create(KeeperException.java:134)
	at org.apache.zookeeper.KeeperException.create(KeeperException.java:54)
	at kafka.zookeeper.AsyncResponse.resultException(ZooKeeperClient.scala:562)
	at kafka.zk.KafkaZkClient.registerZNodeChangeHandlerAndCheckExistence(KafkaZkClient.scala:1627)
	at kafka.controller.KafkaController.maybeResign(KafkaController.scala:1540)
	at kafka.controller.KafkaController.processReelect(KafkaController.scala:2580)
	at kafka.controller.KafkaController.process(KafkaController.scala:2626)
	at kafka.controller.QueuedEvent.process(ControllerEventManager.scala:54)
	at kafka.controller.ControllerEventManager$ControllerEventThread.process$1(ControllerEventManager.scala:138)
	at kafka.controller.ControllerEventManager$ControllerEventThread.$anonfun$doWork$1(ControllerEventManager.scala:141)
	at kafka.controller.ControllerEventManager$ControllerEventThread.$anonfun$doWork$1$adapted(ControllerEventManager.scala:141)
	at com.yammer.metrics.core.Timer.time(Timer.java:91)
	at kafka.controller.ControllerEventManager$ControllerEventThread.doWork(ControllerEventManager.scala:141)
	at org.apache.kafka.server.util.ShutdownableThread.run(ShutdownableThread.java:136)
[2025-09-02 14:20:37,812] DEBUG [Controller id=0] Resigning (kafka.controller.KafkaController)
[2025-09-02 14:20:37,812] DEBUG [Controller id=0] Unregister BrokerModifications handler for Set(0) (kafka.controller.KafkaController)
[2025-09-02 14:20:37,813] INFO [PartitionStateMachine controllerId=0] Stopped partition state machine (kafka.controller.ZkPartitionStateMachine)
[2025-09-02 14:20:37,815] INFO [ReplicaStateMachine controllerId=0] Stopped replica state machine (kafka.controller.ZkReplicaStateMachine)
[2025-09-02 14:20:37,815] INFO [RequestSendThread controllerId=0] Shutting down (kafka.controller.RequestSendThread)
[2025-09-02 14:20:37,815] INFO [RequestSendThread controllerId=0] Stopped (kafka.controller.RequestSendThread)
[2025-09-02 14:20:37,815] INFO [RequestSendThread controllerId=0] Shutdown completed (kafka.controller.RequestSendThread)
[2025-09-02 14:20:37,818] INFO [Controller id=0] Resigned (kafka.controller.KafkaController)
[2025-09-02 14:20:37,881] INFO [Controller id=0] 0 successfully elected as the controller. Epoch incremented to 5 and epoch zk version is now 5 (kafka.controller.KafkaController)
[2025-09-02 14:20:37,883] INFO [Controller id=0] Registering handlers (kafka.controller.KafkaController)
[2025-09-02 14:20:37,886] INFO [Controller id=0] Deleting log dir event notifications (kafka.controller.KafkaController)
[2025-09-02 14:20:37,888] INFO [Controller id=0] Deleting isr change notifications (kafka.controller.KafkaController)
[2025-09-02 14:20:37,889] INFO [Controller id=0] Initializing controller context (kafka.controller.KafkaController)
[2025-09-02 14:20:37,894] INFO [Controller id=0] Initialized broker epochs cache: Map(0 -> 304) (kafka.controller.KafkaController)
[2025-09-02 14:20:37,900] DEBUG [Controller id=0] Register BrokerModifications handler for Set(0) (kafka.controller.KafkaController)
[2025-09-02 14:20:37,919] DEBUG [Channel manager on controller 0]: Controller 0 trying to connect to broker 0 (kafka.controller.ControllerChannelManager)
[2025-09-02 14:20:38,424] INFO [Controller id=0] Currently active brokers in the cluster: Set(0) (kafka.controller.KafkaController)
[2025-09-02 14:20:38,425] INFO [Controller id=0] Currently shutting brokers in the cluster: Set() (kafka.controller.KafkaController)
[2025-09-02 14:20:38,425] INFO [Controller id=0] Current list of topics in the cluster: Set(topic_resim, __consumer_offsets) (kafka.controller.KafkaController)
[2025-09-02 14:20:38,425] INFO [Controller id=0] Fetching topic deletions in progress (kafka.controller.KafkaController)
[2025-09-02 14:20:38,427] INFO [RequestSendThread controllerId=0] Starting (kafka.controller.RequestSendThread)
[2025-09-02 14:20:38,431] INFO [Controller id=0] List of topics to be deleted:  (kafka.controller.KafkaController)
[2025-09-02 14:20:38,431] INFO [Controller id=0] List of topics ineligible for deletion:  (kafka.controller.KafkaController)
[2025-09-02 14:20:38,431] INFO [Controller id=0] Initializing topic deletion manager (kafka.controller.KafkaController)
[2025-09-02 14:20:38,431] INFO [Topic Deletion Manager 0] Initializing manager with initial deletions: Set(), initial ineligible deletions: Set() (kafka.controller.TopicDeletionManager)
[2025-09-02 14:20:38,431] INFO [Controller id=0] Sending update metadata request (kafka.controller.KafkaController)
[2025-09-02 14:20:38,434] INFO [ReplicaStateMachine controllerId=0] Initializing replica state (kafka.controller.ZkReplicaStateMachine)
[2025-09-02 14:20:38,435] INFO [ReplicaStateMachine controllerId=0] Triggering online replica state changes (kafka.controller.ZkReplicaStateMachine)
[2025-09-02 14:20:38,455] INFO [ReplicaStateMachine controllerId=0] Triggering offline replica state changes (kafka.controller.ZkReplicaStateMachine)
[2025-09-02 14:20:38,455] DEBUG [ReplicaStateMachine controllerId=0] Started replica state machine with initial state -> Map([Topic=__consumer_offsets,Partition=21,Replica=0] -> OnlineReplica, [Topic=__consumer_offsets,Partition=42,Replica=0] -> OnlineReplica, [Topic=__consumer_offsets,Partition=46,Replica=0] -> OnlineReplica, [Topic=__consumer_offsets,Partition=39,Replica=0] -> OnlineReplica, [Topic=__consumer_offsets,Partition=7,Replica=0] -> OnlineReplica, [Topic=__consumer_offsets,Partition=13,Replica=0] -> OnlineReplica, [Topic=__consumer_offsets,Partition=48,Replica=0] -> OnlineReplica, [Topic=__consumer_offsets,Partition=49,Replica=0] -> OnlineReplica, [Topic=__consumer_offsets,Partition=15,Replica=0] -> OnlineReplica, [Topic=__consumer_offsets,Partition=2,Replica=0] -> OnlineReplica, [Topic=__consumer_offsets,Partition=38,Replica=0] -> OnlineReplica, [Topic=__consumer_offsets,Partition=28,Replica=0] -> OnlineReplica, [Topic=topic_resim,Partition=0,Replica=0] -> OnlineReplica, [Topic=__consumer_offsets,Partition=23,Replica=0] -> OnlineReplica, [Topic=__consumer_offsets,Partition=32,Replica=0] -> OnlineReplica, [Topic=__consumer_offsets,Partition=10,Replica=0] -> OnlineReplica, [Topic=__consumer_offsets,Partition=18,Replica=0] -> OnlineReplica, [Topic=__consumer_offsets,Partition=33,Replica=0] -> OnlineReplica, [Topic=__consumer_offsets,Partition=5,Replica=0] -> OnlineReplica, [Topic=__consumer_offsets,Partition=17,Replica=0] -> OnlineReplica, [Topic=__consumer_offsets,Partition=8,Replica=0] -> OnlineReplica, [Topic=__consumer_offsets,Partition=19,Replica=0] -> OnlineReplica, [Topic=__consumer_offsets,Partition=37,Replica=0] -> OnlineReplica, [Topic=__consumer_offsets,Partition=43,Replica=0] -> OnlineReplica, [Topic=__consumer_offsets,Partition=6,Replica=0] -> OnlineReplica, [Topic=__consumer_offsets,Partition=9,Replica=0] -> OnlineReplica, [Topic=__consumer_offsets,Partition=3,Replica=0] -> OnlineReplica, [Topic=__consumer_offsets,Partition=30,Replica=0] -> OnlineReplica, [Topic=__consumer_offsets,Partition=25,Replica=0] -> OnlineReplica, [Topic=__consumer_offsets,Partition=47,Replica=0] -> OnlineReplica, [Topic=__consumer_offsets,Partition=36,Replica=0] -> OnlineReplica, [Topic=__consumer_offsets,Partition=11,Replica=0] -> OnlineReplica, [Topic=__consumer_offsets,Partition=34,Replica=0] -> OnlineReplica, [Topic=__consumer_offsets,Partition=12,Replica=0] -> OnlineReplica, [Topic=__consumer_offsets,Partition=27,Replica=0] -> OnlineReplica, [Topic=__consumer_offsets,Partition=44,Replica=0] -> OnlineReplica, [Topic=__consumer_offsets,Partition=1,Replica=0] -> OnlineReplica, [Topic=__consumer_offsets,Partition=45,Replica=0] -> OnlineReplica, [Topic=__consumer_offsets,Partition=24,Replica=0] -> OnlineReplica, [Topic=__consumer_offsets,Partition=0,Replica=0] -> OnlineReplica, [Topic=__consumer_offsets,Partition=22,Replica=0] -> OnlineReplica, [Topic=__consumer_offsets,Partition=31,Replica=0] -> OnlineReplica, [Topic=__consumer_offsets,Partition=14,Replica=0] -> OnlineReplica, [Topic=__consumer_offsets,Partition=40,Replica=0] -> OnlineReplica, [Topic=__consumer_offsets,Partition=20,Replica=0] -> OnlineReplica, [Topic=__consumer_offsets,Partition=4,Replica=0] -> OnlineReplica, [Topic=__consumer_offsets,Partition=41,Replica=0] -> OnlineReplica, [Topic=__consumer_offsets,Partition=26,Replica=0] -> OnlineReplica, [Topic=__consumer_offsets,Partition=29,Replica=0] -> OnlineReplica, [Topic=__consumer_offsets,Partition=16,Replica=0] -> OnlineReplica, [Topic=__consumer_offsets,Partition=35,Replica=0] -> OnlineReplica) (kafka.controller.ZkReplicaStateMachine)
[2025-09-02 14:20:38,455] INFO [PartitionStateMachine controllerId=0] Initializing partition state (kafka.controller.ZkPartitionStateMachine)
[2025-09-02 14:20:38,456] INFO [PartitionStateMachine controllerId=0] Triggering online partition state changes (kafka.controller.ZkPartitionStateMachine)
[2025-09-02 14:20:38,457] DEBUG [PartitionStateMachine controllerId=0] Started partition state machine with initial state -> Map(__consumer_offsets-49 -> OnlinePartition, __consumer_offsets-38 -> OnlinePartition, __consumer_offsets-16 -> OnlinePartition, __consumer_offsets-27 -> OnlinePartition, __consumer_offsets-19 -> OnlinePartition, __consumer_offsets-8 -> OnlinePartition, __consumer_offsets-2 -> OnlinePartition, __consumer_offsets-13 -> OnlinePartition, __consumer_offsets-24 -> OnlinePartition, __consumer_offsets-35 -> OnlinePartition, __consumer_offsets-46 -> OnlinePartition, __consumer_offsets-5 -> OnlinePartition, __consumer_offsets-43 -> OnlinePartition, __consumer_offsets-32 -> OnlinePartition, __consumer_offsets-21 -> OnlinePartition, __consumer_offsets-10 -> OnlinePartition, __consumer_offsets-37 -> OnlinePartition, __consumer_offsets-48 -> OnlinePartition, __consumer_offsets-40 -> OnlinePartition, __consumer_offsets-29 -> OnlinePartition, __consumer_offsets-18 -> OnlinePartition, __consumer_offsets-7 -> OnlinePartition, __consumer_offsets-34 -> OnlinePartition, __consumer_offsets-45 -> OnlinePartition, __consumer_offsets-23 -> OnlinePartition, __consumer_offsets-26 -> OnlinePartition, __consumer_offsets-15 -> OnlinePartition, __consumer_offsets-4 -> OnlinePartition, __consumer_offsets-42 -> OnlinePartition, __consumer_offsets-20 -> OnlinePartition, __consumer_offsets-31 -> OnlinePartition, __consumer_offsets-9 -> OnlinePartition, __consumer_offsets-1 -> OnlinePartition, __consumer_offsets-12 -> OnlinePartition, __consumer_offsets-17 -> OnlinePartition, __consumer_offsets-28 -> OnlinePartition, __consumer_offsets-6 -> OnlinePartition, __consumer_offsets-39 -> OnlinePartition, __consumer_offsets-44 -> OnlinePartition, __consumer_offsets-36 -> OnlinePartition, __consumer_offsets-47 -> OnlinePartition, __consumer_offsets-14 -> OnlinePartition, __consumer_offsets-3 -> OnlinePartition, __consumer_offsets-25 -> OnlinePartition, __consumer_offsets-41 -> OnlinePartition, __consumer_offsets-30 -> OnlinePartition, __consumer_offsets-11 -> OnlinePartition, __consumer_offsets-33 -> OnlinePartition, __consumer_offsets-22 -> OnlinePartition, __consumer_offsets-0 -> OnlinePartition, topic_resim-0 -> OnlinePartition) (kafka.controller.ZkPartitionStateMachine)
[2025-09-02 14:20:38,457] INFO [Controller id=0] Ready to serve as the new controller with epoch 5 (kafka.controller.KafkaController)
[2025-09-02 14:20:38,461] INFO [Controller id=0] Partitions undergoing preferred replica election:  (kafka.controller.KafkaController)
[2025-09-02 14:20:38,461] INFO [Controller id=0] Partitions that completed preferred replica election:  (kafka.controller.KafkaController)
[2025-09-02 14:20:38,461] INFO [Controller id=0] Skipping preferred replica election for partitions due to topic deletion:  (kafka.controller.KafkaController)
[2025-09-02 14:20:38,461] INFO [Controller id=0] Resuming preferred replica election for partitions:  (kafka.controller.KafkaController)
[2025-09-02 14:20:38,461] INFO [Controller id=0] Starting replica leader election (PREFERRED) for partitions  triggered by ZkTriggered (kafka.controller.KafkaController)
[2025-09-02 14:20:38,464] INFO [Controller id=0] Starting the controller scheduler (kafka.controller.KafkaController)
[2025-09-02 14:20:38,467] INFO [RequestSendThread controllerId=0] Controller 0 connected to localhost:9092 (id: 0 rack: null) for sending state change requests (kafka.controller.RequestSendThread)
[2025-09-02 14:20:43,468] INFO [Controller id=0] Processing automatic preferred replica leader election (kafka.controller.KafkaController)
[2025-09-02 14:20:43,468] TRACE [Controller id=0] Checking need to trigger auto leader balancing (kafka.controller.KafkaController)
[2025-09-02 14:20:43,468] DEBUG [Controller id=0] Topics not in preferred replica for broker 0 Map() (kafka.controller.KafkaController)
[2025-09-02 14:20:43,469] TRACE [Controller id=0] Leader imbalance ratio for broker 0 is 0.0 (kafka.controller.KafkaController)
[2025-09-02 14:25:43,478] INFO [Controller id=0] Processing automatic preferred replica leader election (kafka.controller.KafkaController)
[2025-09-02 14:25:43,478] TRACE [Controller id=0] Checking need to trigger auto leader balancing (kafka.controller.KafkaController)
[2025-09-02 14:25:43,479] DEBUG [Controller id=0] Topics not in preferred replica for broker 0 Map() (kafka.controller.KafkaController)
[2025-09-02 14:25:43,479] TRACE [Controller id=0] Leader imbalance ratio for broker 0 is 0.0 (kafka.controller.KafkaController)
[2025-09-02 14:30:43,491] INFO [Controller id=0] Processing automatic preferred replica leader election (kafka.controller.KafkaController)
[2025-09-02 14:30:43,491] TRACE [Controller id=0] Checking need to trigger auto leader balancing (kafka.controller.KafkaController)
[2025-09-02 14:30:43,492] DEBUG [Controller id=0] Topics not in preferred replica for broker 0 Map() (kafka.controller.KafkaController)
[2025-09-02 14:30:43,492] TRACE [Controller id=0] Leader imbalance ratio for broker 0 is 0.0 (kafka.controller.KafkaController)
[2025-09-02 14:35:43,499] INFO [Controller id=0] Processing automatic preferred replica leader election (kafka.controller.KafkaController)
[2025-09-02 14:35:43,499] TRACE [Controller id=0] Checking need to trigger auto leader balancing (kafka.controller.KafkaController)
[2025-09-02 14:35:43,500] DEBUG [Controller id=0] Topics not in preferred replica for broker 0 Map() (kafka.controller.KafkaController)
[2025-09-02 14:35:43,500] TRACE [Controller id=0] Leader imbalance ratio for broker 0 is 0.0 (kafka.controller.KafkaController)
[2025-09-02 14:40:43,507] INFO [Controller id=0] Processing automatic preferred replica leader election (kafka.controller.KafkaController)
[2025-09-02 14:40:43,507] TRACE [Controller id=0] Checking need to trigger auto leader balancing (kafka.controller.KafkaController)
[2025-09-02 14:40:43,507] DEBUG [Controller id=0] Topics not in preferred replica for broker 0 Map() (kafka.controller.KafkaController)
[2025-09-02 14:40:43,508] TRACE [Controller id=0] Leader imbalance ratio for broker 0 is 0.0 (kafka.controller.KafkaController)
[2025-09-02 14:45:43,520] INFO [Controller id=0] Processing automatic preferred replica leader election (kafka.controller.KafkaController)
[2025-09-02 14:45:43,520] TRACE [Controller id=0] Checking need to trigger auto leader balancing (kafka.controller.KafkaController)
[2025-09-02 14:45:43,520] DEBUG [Controller id=0] Topics not in preferred replica for broker 0 Map() (kafka.controller.KafkaController)
[2025-09-02 14:45:43,521] TRACE [Controller id=0] Leader imbalance ratio for broker 0 is 0.0 (kafka.controller.KafkaController)
[2025-09-02 14:50:43,534] INFO [Controller id=0] Processing automatic preferred replica leader election (kafka.controller.KafkaController)
[2025-09-02 14:50:43,534] TRACE [Controller id=0] Checking need to trigger auto leader balancing (kafka.controller.KafkaController)
[2025-09-02 14:50:43,534] DEBUG [Controller id=0] Topics not in preferred replica for broker 0 Map() (kafka.controller.KafkaController)
[2025-09-02 14:50:43,535] TRACE [Controller id=0] Leader imbalance ratio for broker 0 is 0.0 (kafka.controller.KafkaController)
[2025-09-02 14:55:43,541] INFO [Controller id=0] Processing automatic preferred replica leader election (kafka.controller.KafkaController)
[2025-09-02 14:55:43,541] TRACE [Controller id=0] Checking need to trigger auto leader balancing (kafka.controller.KafkaController)
[2025-09-02 14:55:43,542] DEBUG [Controller id=0] Topics not in preferred replica for broker 0 Map() (kafka.controller.KafkaController)
[2025-09-02 14:55:43,542] TRACE [Controller id=0] Leader imbalance ratio for broker 0 is 0.0 (kafka.controller.KafkaController)
[2025-09-02 15:00:43,553] INFO [Controller id=0] Processing automatic preferred replica leader election (kafka.controller.KafkaController)
[2025-09-02 15:00:43,554] TRACE [Controller id=0] Checking need to trigger auto leader balancing (kafka.controller.KafkaController)
[2025-09-02 15:00:43,554] DEBUG [Controller id=0] Topics not in preferred replica for broker 0 Map() (kafka.controller.KafkaController)
[2025-09-02 15:00:43,554] TRACE [Controller id=0] Leader imbalance ratio for broker 0 is 0.0 (kafka.controller.KafkaController)
[2025-09-02 15:05:43,566] INFO [Controller id=0] Processing automatic preferred replica leader election (kafka.controller.KafkaController)
[2025-09-02 15:05:43,567] TRACE [Controller id=0] Checking need to trigger auto leader balancing (kafka.controller.KafkaController)
[2025-09-02 15:05:43,567] DEBUG [Controller id=0] Topics not in preferred replica for broker 0 Map() (kafka.controller.KafkaController)
[2025-09-02 15:05:43,567] TRACE [Controller id=0] Leader imbalance ratio for broker 0 is 0.0 (kafka.controller.KafkaController)
[2025-09-02 15:10:43,577] INFO [Controller id=0] Processing automatic preferred replica leader election (kafka.controller.KafkaController)
[2025-09-02 15:10:43,577] TRACE [Controller id=0] Checking need to trigger auto leader balancing (kafka.controller.KafkaController)
[2025-09-02 15:10:43,577] DEBUG [Controller id=0] Topics not in preferred replica for broker 0 Map() (kafka.controller.KafkaController)
[2025-09-02 15:10:43,577] TRACE [Controller id=0] Leader imbalance ratio for broker 0 is 0.0 (kafka.controller.KafkaController)
[2025-09-02 15:11:01,333] INFO [Controller id=0] New topics: [Set(topic_ses)], deleted topics: [Set()], new partition replica assignment [Set(TopicIdReplicaAssignment(topic_ses,Some(FfYGYHNVQ8GsaFvo_So6tw),Map(topic_ses-0 -> ReplicaAssignment(replicas=0, addingReplicas=, removingReplicas=))))] (kafka.controller.KafkaController)
[2025-09-02 15:11:01,333] INFO [Controller id=0] New partition creation callback for topic_ses-0 (kafka.controller.KafkaController)
[2025-09-02 15:11:01,358] INFO [RequestSendThread controllerId=0] Controller 0 connected to localhost:9092 (id: 0 rack: null) for sending state change requests (kafka.controller.RequestSendThread)
[2025-09-02 15:15:43,581] INFO [Controller id=0] Processing automatic preferred replica leader election (kafka.controller.KafkaController)
[2025-09-02 15:15:43,581] TRACE [Controller id=0] Checking need to trigger auto leader balancing (kafka.controller.KafkaController)
[2025-09-02 15:15:43,581] DEBUG [Controller id=0] Topics not in preferred replica for broker 0 Map() (kafka.controller.KafkaController)
[2025-09-02 15:15:43,581] TRACE [Controller id=0] Leader imbalance ratio for broker 0 is 0.0 (kafka.controller.KafkaController)
[2025-09-02 15:15:44,208] INFO [Controller id=0] New topics: [Set(topic_metin)], deleted topics: [Set()], new partition replica assignment [Set(TopicIdReplicaAssignment(topic_metin,Some(zcBricyiQUuq9gaqKOUiDw),Map(topic_metin-0 -> ReplicaAssignment(replicas=0, addingReplicas=, removingReplicas=))))] (kafka.controller.KafkaController)
[2025-09-02 15:15:44,208] INFO [Controller id=0] New partition creation callback for topic_metin-0 (kafka.controller.KafkaController)
[2025-09-02 15:20:43,582] INFO [Controller id=0] Processing automatic preferred replica leader election (kafka.controller.KafkaController)
[2025-09-02 15:20:43,582] TRACE [Controller id=0] Checking need to trigger auto leader balancing (kafka.controller.KafkaController)
[2025-09-02 15:20:43,583] DEBUG [Controller id=0] Topics not in preferred replica for broker 0 Map() (kafka.controller.KafkaController)
[2025-09-02 15:20:43,583] TRACE [Controller id=0] Leader imbalance ratio for broker 0 is 0.0 (kafka.controller.KafkaController)
[2025-09-02 15:25:43,585] INFO [Controller id=0] Processing automatic preferred replica leader election (kafka.controller.KafkaController)
[2025-09-02 15:25:43,585] TRACE [Controller id=0] Checking need to trigger auto leader balancing (kafka.controller.KafkaController)
[2025-09-02 15:25:43,585] DEBUG [Controller id=0] Topics not in preferred replica for broker 0 Map() (kafka.controller.KafkaController)
[2025-09-02 15:25:43,585] TRACE [Controller id=0] Leader imbalance ratio for broker 0 is 0.0 (kafka.controller.KafkaController)
[2025-09-02 15:30:43,593] INFO [Controller id=0] Processing automatic preferred replica leader election (kafka.controller.KafkaController)
[2025-09-02 15:30:43,593] TRACE [Controller id=0] Checking need to trigger auto leader balancing (kafka.controller.KafkaController)
[2025-09-02 15:30:43,593] DEBUG [Controller id=0] Topics not in preferred replica for broker 0 Map() (kafka.controller.KafkaController)
[2025-09-02 15:30:43,594] TRACE [Controller id=0] Leader imbalance ratio for broker 0 is 0.0 (kafka.controller.KafkaController)
[2025-09-02 15:35:43,605] INFO [Controller id=0] Processing automatic preferred replica leader election (kafka.controller.KafkaController)
[2025-09-02 15:35:43,605] TRACE [Controller id=0] Checking need to trigger auto leader balancing (kafka.controller.KafkaController)
[2025-09-02 15:35:43,605] DEBUG [Controller id=0] Topics not in preferred replica for broker 0 Map() (kafka.controller.KafkaController)
[2025-09-02 15:35:43,605] TRACE [Controller id=0] Leader imbalance ratio for broker 0 is 0.0 (kafka.controller.KafkaController)
[2025-09-02 15:40:43,618] INFO [Controller id=0] Processing automatic preferred replica leader election (kafka.controller.KafkaController)
[2025-09-02 15:40:43,618] TRACE [Controller id=0] Checking need to trigger auto leader balancing (kafka.controller.KafkaController)
[2025-09-02 15:40:43,619] DEBUG [Controller id=0] Topics not in preferred replica for broker 0 Map() (kafka.controller.KafkaController)
[2025-09-02 15:40:43,619] TRACE [Controller id=0] Leader imbalance ratio for broker 0 is 0.0 (kafka.controller.KafkaController)
